system,seed,case_id,group,decision_type,top1,nll
uniform,0,general_01#74,test_iid,action,0,1.0986
uniform,0,general_01#75,test_iid,location,0,1.0986
uniform,0,general_01#93,test_iid,action,0,1.0986
uniform,0,general_01#94,test_iid,action,0,1.7918
uniform,0,general_02#32,test_iid,action,0,1.0986
uniform,0,general_02#35,test_iid,location,0,1.7918
uniform,0,general_02#61,test_iid,action,1,1.0986
uniform,0,general_02#65,test_iid,location,1,1.0986
uniform,0,general_03#3,test_iid,location,0,1.6094
uniform,0,general_03#14,test_iid,location,1,1.3863
uniform,0,general_03#17,test_iid,location,1,1.3863
uniform,0,general_03#18,test_iid,location,0,1.0986
uniform,0,general_03#98,test_iid,action,1,1.0986
uniform,0,general_04#10,test_iid,location,1,1.3863
uniform,0,general_04#23,test_iid,location,1,0.6931
uniform,0,general_04#29,test_iid,location,0,1.6094
uniform,0,general_04#52,test_iid,location,1,0.6931
uniform,0,general_04#57,test_iid,action,0,1.0986
uniform,0,general_04#85,test_iid,location,0,1.0986
uniform,0,general_05#36,test_iid,action,1,1.7918
uniform,0,general_05#94,test_iid,location,0,0.6931
uniform,0,general_05#99,test_iid,location,1,0.6931
uniform,0,general_06#11,test_iid,location,0,1.3863
uniform,0,general_06#28,test_iid,location,0,1.6094
uniform,0,general_06#33,test_iid,action,0,1.0986
uniform,0,general_06#50,test_iid,location,0,1.6094
uniform,0,general_06#67,test_iid,location,1,0.6931
uniform,0,general_06#72,test_iid,location,0,1.3863
uniform,0,general_06#84,test_iid,location,0,1.7918
uniform,0,general_06#89,test_iid,location,0,1.7918
uniform,0,general_07#70,test_iid,action,0,1.0986
uniform,0,general_07#80,test_iid,location,0,1.7918
uniform,0,general_07#95,test_iid,action,0,1.0986
uniform,0,general_07#96,test_iid,action,0,1.0986
uniform,0,general_08#17,test_iid,action,1,1.0986
uniform,0,general_08#24,test_iid,action,0,1.0986
uniform,0,general_08#44,test_iid,action,0,1.0986
uniform,0,general_08#50,test_iid,action,0,1.0986
uniform,0,general_09#18,test_iid,location,0,1.6094
uniform,0,general_09#47,test_iid,location,0,1.3863
uniform,0,general_09#50,test_iid,action,0,1.0986
uniform,0,general_09#84,test_iid,location,0,0.6931
uniform,0,general_09#96,test_iid,action,0,1.0986
uniform,0,general_09#100,test_iid,location,0,1.7918
uniform,0,general_10#88,test_iid,location,0,1.6094
uniform,0,general_10#99,test_iid,location,0,0.6931
uniform,0,general_11#6,test_iid,action,1,1.0986
uniform,0,general_11#23,test_iid,action,0,1.0986
uniform,0,general_11#68,test_iid,action,0,1.0986
uniform,0,general_11#73,test_iid,action,1,1.0986
uniform,0,general_11#78,test_iid,location,0,1.3863
uniform,0,general_11#79,test_iid,action,1,1.0986
uniform,0,general_11#92,test_iid,action,1,1.0986
uniform,0,general_11#93,test_iid,location,0,1.6094
uniform,0,general_12#4,test_iid,action,0,1.0986
uniform,0,general_12#61,test_iid,action,0,1.0986
uniform,0,general_12#75,test_iid,location,1,0.6931
uniform,0,general_12#82,test_iid,location,0,0.6931
uniform,0,general_12#93,test_iid,action,0,1.0986
uniform,0,general_13#37,test_iid,action,0,1.0986
uniform,0,general_13#40,test_iid,action,0,1.0986
uniform,0,general_13#48,test_iid,action,0,1.0986
uniform,0,general_13#66,test_iid,action,0,1.0986
uniform,0,general_13#73,test_iid,location,0,1.0986
uniform,0,general_14#5,test_iid,action,0,1.0986
uniform,0,general_14#27,test_iid,action,0,1.0986
uniform,0,general_14#35,test_iid,action,0,1.0986
uniform,0,general_14#53,test_iid,location,1,1.0986
uniform,0,general_14#54,test_iid,location,0,1.6094
uniform,0,general_14#68,test_iid,location,1,0.6931
uniform,0,general_14#83,test_iid,action,1,1.0986
uniform,0,general_14#86,test_iid,action,0,1.0986
uniform,0,general_14#90,test_iid,location,1,0.6931
uniform,0,general_15#20,test_iid,location,0,0.6931
uniform,0,general_15#24,test_iid,location,0,1.3863
uniform,0,general_15#39,test_iid,location,0,1.0986
uniform,0,general_15#62,test_iid,action,0,1.7918
uniform,0,general_15#80,test_iid,action,0,1.0986
uniform,0,general_15#89,test_iid,action,0,1.0986
uniform,0,heldout_location_01#1,test_family,location,1,1.3863
uniform,0,heldout_location_01#2,test_family,location,0,1.0986
uniform,0,heldout_location_01#3,test_family,location,1,1.0986
uniform,0,heldout_location_01#4,test_family,location,0,1.3863
uniform,0,heldout_location_01#5,test_family,location,0,1.0986
uniform,0,heldout_location_01#6,test_family,location,0,1.3863
uniform,0,heldout_location_01#7,test_family,location,1,1.0986
uniform,0,heldout_location_01#8,test_family,location,1,1.6094
uniform,0,heldout_location_01#9,test_family,location,0,1.0986
uniform,0,heldout_location_01#10,test_family,location,1,0.6931
uniform,0,heldout_location_01#11,test_family,location,0,1.6094
uniform,0,heldout_location_01#12,test_family,location,0,1.0986
uniform,0,heldout_location_01#13,test_family,location,1,1.3863
uniform,0,heldout_location_01#14,test_family,location,0,1.0986
uniform,0,heldout_location_01#15,test_family,location,0,1.3863
uniform,0,heldout_location_01#16,test_family,location,0,1.0986
uniform,0,heldout_location_01#17,test_family,location,1,1.0986
uniform,0,heldout_location_01#18,test_family,location,0,1.7918
uniform,0,heldout_location_01#19,test_family,location,1,1.0986
uniform,0,heldout_location_01#20,test_family,action,1,1.0986
uniform,0,heldout_location_01#21,test_family,action,0,1.0986
uniform,0,heldout_location_01#22,test_family,action,0,1.0986
uniform,0,heldout_location_01#23,test_family,action,0,1.0986
uniform,0,heldout_location_01#24,test_family,action,0,1.0986
uniform,0,heldout_location_01#25,test_family,action,1,1.0986
uniform,0,heldout_location_01#26,test_family,action,0,1.0986
uniform,0,heldout_location_01#27,test_family,action,1,1.0986
uniform,0,heldout_location_01#28,test_family,action,0,1.0986
uniform,0,heldout_location_01#29,test_family,action,1,1.0986
uniform,0,heldout_location_01#30,test_family,action,0,1.0986
uniform,0,heldout_location_01#31,test_family,action,0,1.0986
uniform,0,heldout_location_01#32,test_family,action,1,1.0986
uniform,0,heldout_location_01#33,test_family,action,0,1.0986
uniform,0,heldout_location_01#34,test_family,action,0,1.0986
uniform,0,heldout_location_01#35,test_family,action,1,1.0986
uniform,0,heldout_location_01#36,test_family,action,1,1.0986
uniform,0,heldout_location_01#37,test_family,action,0,1.0986
uniform,0,personality_01#1,test_pers,location,0,1.0986
uniform,0,personality_01#2,test_pers,location,0,1.3863
uniform,0,personality_01#3,test_pers,location,0,1.0986
uniform,0,personality_01#4,test_pers,location,1,1.3863
uniform,0,personality_01#5,test_pers,location,0,1.3863
uniform,0,personality_01#6,test_pers,location,1,1.3863
uniform,0,personality_01#7,test_pers,location,0,1.3863
uniform,0,personality_01#8,test_pers,location,0,1.0986
uniform,0,personality_01#9,test_pers,location,1,1.0986
uniform,0,personality_01#10,test_pers,location,0,1.7918
uniform,0,personality_01#11,test_pers,location,0,1.0986
uniform,0,personality_01#12,test_pers,location,0,1.0986
uniform,0,personality_01#13,test_pers,location,0,1.3863
uniform,0,personality_01#14,test_pers,location,0,1.0986
uniform,0,personality_01#15,test_pers,location,0,1.3863
uniform,0,personality_01#16,test_pers,location,0,1.7918
uniform,0,personality_01#17,test_pers,location,1,1.0986
uniform,0,personality_01#18,test_pers,location,1,1.3863
uniform,0,personality_01#19,test_pers,location,1,1.0986
uniform,0,personality_01#20,test_pers,action,1,1.0986
uniform,0,personality_01#21,test_pers,action,0,1.0986
uniform,0,personality_01#22,test_pers,action,0,1.0986
uniform,0,personality_01#23,test_pers,action,1,1.0986
uniform,0,personality_01#24,test_pers,action,1,1.0986
uniform,0,personality_01#25,test_pers,action,0,1.7918
uniform,0,personality_01#26,test_pers,action,0,1.0986
uniform,0,personality_01#27,test_pers,action,0,1.0986
uniform,0,personality_01#28,test_pers,action,1,1.0986
uniform,0,personality_01#29,test_pers,action,0,1.0986
uniform,0,personality_01#30,test_pers,action,1,1.0986
uniform,0,personality_01#31,test_pers,action,0,1.7918
uniform,0,personality_01#32,test_pers,action,0,1.0986
uniform,0,personality_01#33,test_pers,action,0,1.0986
uniform,0,personality_01#34,test_pers,action,0,1.0986
uniform,0,personality_01#35,test_pers,action,0,1.0986
uniform,0,personality_01#36,test_pers,action,0,1.0986
uniform,0,personality_01#37,test_pers,action,0,1.7918
uniform,0,personality_01#38,test_pers,action,0,1.0986
scorer,0,general_01#74,test_iid,action,1,0.1121
scorer,0,general_01#75,test_iid,location,1,0.8627
scorer,0,general_01#93,test_iid,action,0,1.1109
scorer,0,general_01#94,test_iid,action,0,1.65
scorer,0,general_02#32,test_iid,action,0,1.0832
scorer,0,general_02#35,test_iid,location,1,1.3459
scorer,0,general_02#61,test_iid,action,0,1.0614
scorer,0,general_02#65,test_iid,location,1,0.9159
scorer,0,general_03#3,test_iid,location,0,1.4809
scorer,0,general_03#14,test_iid,location,0,1.449
scorer,0,general_03#17,test_iid,location,0,1.2648
scorer,0,general_03#18,test_iid,location,1,0.9383
scorer,0,general_03#98,test_iid,action,0,1.0079
scorer,0,general_04#10,test_iid,location,0,1.4119
scorer,0,general_04#23,test_iid,location,1,0.381
scorer,0,general_04#29,test_iid,location,1,1.5114
scorer,0,general_04#52,test_iid,location,1,0.3459
scorer,0,general_04#57,test_iid,action,0,1.0901
scorer,0,general_04#85,test_iid,location,0,12.6771
scorer,0,general_05#36,test_iid,action,1,0.4741
scorer,0,general_05#94,test_iid,location,0,4.0636
scorer,0,general_05#99,test_iid,location,1,0.5284
scorer,0,general_06#11,test_iid,location,0,1.2318
scorer,0,general_06#28,test_iid,location,1,0.6241
scorer,0,general_06#33,test_iid,action,0,1.1567
scorer,0,general_06#50,test_iid,location,0,1.4111
scorer,0,general_06#67,test_iid,location,1,0.006
scorer,0,general_06#72,test_iid,location,1,1.0948
scorer,0,general_06#84,test_iid,location,1,1.6541
scorer,0,general_06#89,test_iid,location,1,0.9315
scorer,0,general_07#70,test_iid,action,1,0.6963
scorer,0,general_07#80,test_iid,location,0,1.6907
scorer,0,general_07#95,test_iid,action,1,0.5549
scorer,0,general_07#96,test_iid,action,0,1.1109
scorer,0,general_08#17,test_iid,action,0,2.2364
scorer,0,general_08#24,test_iid,action,1,0.2412
scorer,0,general_08#44,test_iid,action,0,1.1044
scorer,0,general_08#50,test_iid,action,0,1.4661
scorer,0,general_09#18,test_iid,location,0,1.7421
scorer,0,general_09#47,test_iid,location,1,1.1617
scorer,0,general_09#50,test_iid,action,1,1.0281
scorer,0,general_09#84,test_iid,location,0,1.0106
scorer,0,general_09#96,test_iid,action,0,2.237
scorer,0,general_09#100,test_iid,location,0,4.563
scorer,0,general_10#88,test_iid,location,1,1.4422
scorer,0,general_10#99,test_iid,location,1,0.597
scorer,0,general_11#6,test_iid,action,0,1.0398
scorer,0,general_11#23,test_iid,action,0,1.0304
scorer,0,general_11#68,test_iid,action,0,0.9847
scorer,0,general_11#73,test_iid,action,1,0.851
scorer,0,general_11#78,test_iid,location,0,4.7995
scorer,0,general_11#79,test_iid,action,1,0.9139
scorer,0,general_11#92,test_iid,action,0,1.1151
scorer,0,general_11#93,test_iid,location,0,1.5641
scorer,0,general_12#4,test_iid,action,1,0.283
scorer,0,general_12#61,test_iid,action,0,0.9646
scorer,0,general_12#75,test_iid,location,1,0.1921
scorer,0,general_12#82,test_iid,location,1,0.4154
scorer,0,general_12#93,test_iid,action,0,5.397
scorer,0,general_13#37,test_iid,action,0,1.1203
scorer,0,general_13#40,test_iid,action,0,1.3275
scorer,0,general_13#48,test_iid,action,1,1.0569
scorer,0,general_13#66,test_iid,action,1,0.0097
scorer,0,general_13#73,test_iid,location,1,0.5557
scorer,0,general_14#5,test_iid,action,1,1.0284
scorer,0,general_14#27,test_iid,action,1,0.9589
scorer,0,general_14#35,test_iid,action,0,1.0288
scorer,0,general_14#53,test_iid,location,0,1.3116
scorer,0,general_14#54,test_iid,location,0,1.6939
scorer,0,general_14#68,test_iid,location,1,0.1828
scorer,0,general_14#83,test_iid,action,0,1.2988
scorer,0,general_14#86,test_iid,action,0,0.9456
scorer,0,general_14#90,test_iid,location,1,0.4961
scorer,0,general_15#20,test_iid,location,1,0.5898
scorer,0,general_15#24,test_iid,location,1,0.9963
scorer,0,general_15#39,test_iid,location,1,0.9341
scorer,0,general_15#62,test_iid,action,0,1.9242
scorer,0,general_15#80,test_iid,action,0,1.2142
scorer,0,general_15#89,test_iid,action,0,1.0874
scorer,0,heldout_location_01#1,test_family,location,1,0.6508
scorer,0,heldout_location_01#2,test_family,location,1,0.2527
scorer,0,heldout_location_01#3,test_family,location,1,0.9257
scorer,0,heldout_location_01#4,test_family,location,0,1.1132
scorer,0,heldout_location_01#5,test_family,location,0,1.2071
scorer,0,heldout_location_01#6,test_family,location,1,0.8778
scorer,0,heldout_location_01#7,test_family,location,1,0.8615
scorer,0,heldout_location_01#8,test_family,location,0,1.4659
scorer,0,heldout_location_01#9,test_family,location,1,0.3529
scorer,0,heldout_location_01#10,test_family,location,1,0.5072
scorer,0,heldout_location_01#11,test_family,location,1,0.8521
scorer,0,heldout_location_01#12,test_family,location,1,0.5753
scorer,0,heldout_location_01#13,test_family,location,0,1.2512
scorer,0,heldout_location_01#14,test_family,location,0,1.2386
scorer,0,heldout_location_01#15,test_family,location,1,0.9837
scorer,0,heldout_location_01#16,test_family,location,0,1.1053
scorer,0,heldout_location_01#17,test_family,location,1,0.5719
scorer,0,heldout_location_01#18,test_family,location,1,0.6656
scorer,0,heldout_location_01#19,test_family,location,1,1.0234
scorer,0,heldout_location_01#20,test_family,action,0,0.9529
scorer,0,heldout_location_01#21,test_family,action,1,0.183
scorer,0,heldout_location_01#22,test_family,action,1,1.0331
scorer,0,heldout_location_01#23,test_family,action,1,0.681
scorer,0,heldout_location_01#24,test_family,action,1,0.9993
scorer,0,heldout_location_01#25,test_family,action,0,0.9421
scorer,0,heldout_location_01#26,test_family,action,1,0.8045
scorer,0,heldout_location_01#27,test_family,action,1,0.8032
scorer,0,heldout_location_01#28,test_family,action,1,0.0646
scorer,0,heldout_location_01#29,test_family,action,0,1.0904
scorer,0,heldout_location_01#30,test_family,action,1,0.902
scorer,0,heldout_location_01#31,test_family,action,1,0.6541
scorer,0,heldout_location_01#32,test_family,action,1,0.975
scorer,0,heldout_location_01#33,test_family,action,1,0.8783
scorer,0,heldout_location_01#34,test_family,action,1,0.7458
scorer,0,heldout_location_01#35,test_family,action,1,0.4793
scorer,0,heldout_location_01#36,test_family,action,1,1.0203
scorer,0,heldout_location_01#37,test_family,action,0,0.9912
scorer,0,personality_01#1,test_pers,location,1,0.4169
scorer,0,personality_01#2,test_pers,location,0,1.269
scorer,0,personality_01#3,test_pers,location,0,0.8636
scorer,0,personality_01#4,test_pers,location,0,1.3398
scorer,0,personality_01#5,test_pers,location,0,1.1167
scorer,0,personality_01#6,test_pers,location,0,1.1027
scorer,0,personality_01#7,test_pers,location,0,1.3914
scorer,0,personality_01#8,test_pers,location,1,0.9594
scorer,0,personality_01#9,test_pers,location,1,0.0005
scorer,0,personality_01#10,test_pers,location,0,1.8076
scorer,0,personality_01#11,test_pers,location,0,1.1291
scorer,0,personality_01#12,test_pers,location,0,1.0279
scorer,0,personality_01#13,test_pers,location,1,0.178
scorer,0,personality_01#14,test_pers,location,1,0.5207
scorer,0,personality_01#15,test_pers,location,1,1.2688
scorer,0,personality_01#16,test_pers,location,0,1.3259
scorer,0,personality_01#17,test_pers,location,0,0.7433
scorer,0,personality_01#18,test_pers,location,0,1.3781
scorer,0,personality_01#19,test_pers,location,0,1.0052
scorer,0,personality_01#20,test_pers,action,0,0.9069
scorer,0,personality_01#21,test_pers,action,1,0.8581
scorer,0,personality_01#22,test_pers,action,1,1.0183
scorer,0,personality_01#23,test_pers,action,1,0.2561
scorer,0,personality_01#24,test_pers,action,1,0.0024
scorer,0,personality_01#25,test_pers,action,1,0.0699
scorer,0,personality_01#26,test_pers,action,0,1.0641
scorer,0,personality_01#27,test_pers,action,1,0.307
scorer,0,personality_01#28,test_pers,action,0,2.9525
scorer,0,personality_01#29,test_pers,action,0,1.0518
scorer,0,personality_01#30,test_pers,action,0,2.0587
scorer,0,personality_01#31,test_pers,action,1,1.5948
scorer,0,personality_01#32,test_pers,action,0,1.2253
scorer,0,personality_01#33,test_pers,action,1,0.3093
scorer,0,personality_01#34,test_pers,action,0,1.3487
scorer,0,personality_01#35,test_pers,action,0,1.579
scorer,0,personality_01#36,test_pers,action,0,1.207
scorer,0,personality_01#37,test_pers,action,0,2.1341
scorer,0,personality_01#38,test_pers,action,1,0.9543
simple,0,general_01#74,test_iid,action,1,0.4221
simple,0,general_01#75,test_iid,location,1,0.0308
simple,0,general_01#93,test_iid,action,1,0.5716
simple,0,general_01#94,test_iid,action,1,0.0682
simple,0,general_02#32,test_iid,action,1,0.7534
simple,0,general_02#35,test_iid,location,1,0.3972
simple,0,general_02#61,test_iid,action,1,0.631
simple,0,general_02#65,test_iid,location,0,0.6938
simple,0,general_03#3,test_iid,location,1,0.2166
simple,0,general_03#14,test_iid,location,1,0.1836
simple,0,general_03#17,test_iid,location,0,1.0342
simple,0,general_03#18,test_iid,location,1,0.0141
simple,0,general_03#98,test_iid,action,1,0.1344
simple,0,general_04#10,test_iid,location,1,0.1925
simple,0,general_04#23,test_iid,location,0,2.1892
simple,0,general_04#29,test_iid,location,0,1.2749
simple,0,general_04#52,test_iid,location,1,0.0019
simple,0,general_04#57,test_iid,action,1,0.0859
simple,0,general_04#85,test_iid,location,0,4.8278
simple,0,general_05#36,test_iid,action,1,0.0896
simple,0,general_05#94,test_iid,location,0,2.719
simple,0,general_05#99,test_iid,location,1,0.005
simple,0,general_06#11,test_iid,location,1,0.2351
simple,0,general_06#28,test_iid,location,1,0.5294
simple,0,general_06#33,test_iid,action,1,0.8238
simple,0,general_06#50,test_iid,location,1,0.5673
simple,0,general_06#67,test_iid,location,1,0.0003
simple,0,general_06#72,test_iid,location,1,0.0131
simple,0,general_06#84,test_iid,location,1,0.2899
simple,0,general_06#89,test_iid,location,1,0.0791
simple,0,general_07#70,test_iid,action,1,0.0763
simple,0,general_07#80,test_iid,location,0,1.4775
simple,0,general_07#95,test_iid,action,1,0.3348
simple,0,general_07#96,test_iid,action,0,0.7749
simple,0,general_08#17,test_iid,action,1,0.1889
simple,0,general_08#24,test_iid,action,1,0.2558
simple,0,general_08#44,test_iid,action,1,0.2316
simple,0,general_08#50,test_iid,action,1,0.5951
simple,0,general_09#18,test_iid,location,0,1.2662
simple,0,general_09#47,test_iid,location,1,0.3787
simple,0,general_09#50,test_iid,action,1,0.0584
simple,0,general_09#84,test_iid,location,0,1.4028
simple,0,general_09#96,test_iid,action,1,0.3483
simple,0,general_09#100,test_iid,location,0,1.2223
simple,0,general_10#88,test_iid,location,0,0.85
simple,0,general_10#99,test_iid,location,1,0.0756
simple,0,general_11#6,test_iid,action,1,0.0638
simple,0,general_11#23,test_iid,action,1,0.4685
simple,0,general_11#68,test_iid,action,1,0.1246
simple,0,general_11#73,test_iid,action,1,0.3277
simple,0,general_11#78,test_iid,location,1,0.339
simple,0,general_11#79,test_iid,action,1,0.5733
simple,0,general_11#92,test_iid,action,1,0.8801
simple,0,general_11#93,test_iid,location,1,0.2345
simple,0,general_12#4,test_iid,action,1,0.1842
simple,0,general_12#61,test_iid,action,0,1.4173
simple,0,general_12#75,test_iid,location,1,0.0099
simple,0,general_12#82,test_iid,location,1,0.0722
simple,0,general_12#93,test_iid,action,1,0.2389
simple,0,general_13#37,test_iid,action,0,1.244
simple,0,general_13#40,test_iid,action,0,1.266
simple,0,general_13#48,test_iid,action,1,0.068
simple,0,general_13#66,test_iid,action,1,0.2956
simple,0,general_13#73,test_iid,location,1,0.0829
simple,0,general_14#5,test_iid,action,0,1.5284
simple,0,general_14#27,test_iid,action,0,1.1018
simple,0,general_14#35,test_iid,action,0,1.6098
simple,0,general_14#53,test_iid,location,0,2.6411
simple,0,general_14#54,test_iid,location,0,1.3949
simple,0,general_14#68,test_iid,location,1,0.1488
simple,0,general_14#83,test_iid,action,0,1.6056
simple,0,general_14#86,test_iid,action,1,0.468
simple,0,general_14#90,test_iid,location,1,0.0
simple,0,general_15#20,test_iid,location,0,2.4948
simple,0,general_15#24,test_iid,location,1,0.0085
simple,0,general_15#39,test_iid,location,1,0.001
simple,0,general_15#62,test_iid,action,0,1.6027
simple,0,general_15#80,test_iid,action,1,0.7732
simple,0,general_15#89,test_iid,action,1,0.0133
simple,0,heldout_location_01#1,test_family,location,1,0.0324
simple,0,heldout_location_01#2,test_family,location,0,3.1898
simple,0,heldout_location_01#3,test_family,location,1,0.0607
simple,0,heldout_location_01#4,test_family,location,1,0.0093
simple,0,heldout_location_01#5,test_family,location,0,2.9905
simple,0,heldout_location_01#6,test_family,location,1,0.0051
simple,0,heldout_location_01#7,test_family,location,0,3.8314
simple,0,heldout_location_01#8,test_family,location,0,1.6701
simple,0,heldout_location_01#9,test_family,location,1,0.0011
simple,0,heldout_location_01#10,test_family,location,1,0.6822
simple,0,heldout_location_01#11,test_family,location,1,0.1575
simple,0,heldout_location_01#12,test_family,location,1,0.0372
simple,0,heldout_location_01#13,test_family,location,0,3.9666
simple,0,heldout_location_01#14,test_family,location,0,1.1939
simple,0,heldout_location_01#15,test_family,location,0,1.3272
simple,0,heldout_location_01#16,test_family,location,0,1.23
simple,0,heldout_location_01#17,test_family,location,1,0.0005
simple,0,heldout_location_01#18,test_family,location,1,0.0114
simple,0,heldout_location_01#19,test_family,location,0,2.0586
simple,0,heldout_location_01#20,test_family,action,0,2.3476
simple,0,heldout_location_01#21,test_family,action,1,0.2418
simple,0,heldout_location_01#22,test_family,action,1,0.0373
simple,0,heldout_location_01#23,test_family,action,1,0.1451
simple,0,heldout_location_01#24,test_family,action,1,0.0102
simple,0,heldout_location_01#25,test_family,action,0,2.0136
simple,0,heldout_location_01#26,test_family,action,1,0.0
simple,0,heldout_location_01#27,test_family,action,0,1.5352
simple,0,heldout_location_01#28,test_family,action,1,0.0253
simple,0,heldout_location_01#29,test_family,action,0,1.6739
simple,0,heldout_location_01#30,test_family,action,1,0.3112
simple,0,heldout_location_01#31,test_family,action,1,0.6333
simple,0,heldout_location_01#32,test_family,action,0,1.1365
simple,0,heldout_location_01#33,test_family,action,1,0.1314
simple,0,heldout_location_01#34,test_family,action,1,0.0685
simple,0,heldout_location_01#35,test_family,action,1,0.6317
simple,0,heldout_location_01#36,test_family,action,0,1.5098
simple,0,heldout_location_01#37,test_family,action,1,0.1289
simple,0,personality_01#1,test_pers,location,1,0.259
simple,0,personality_01#2,test_pers,location,0,1.5067
simple,0,personality_01#3,test_pers,location,0,1.1028
simple,0,personality_01#4,test_pers,location,1,0.116
simple,0,personality_01#5,test_pers,location,0,4.8179
simple,0,personality_01#6,test_pers,location,1,0.7672
simple,0,personality_01#7,test_pers,location,0,2.7544
simple,0,personality_01#8,test_pers,location,1,0.4199
simple,0,personality_01#9,test_pers,location,1,0.015
simple,0,personality_01#10,test_pers,location,1,0.3482
simple,0,personality_01#11,test_pers,location,0,2.1803
simple,0,personality_01#12,test_pers,location,1,0.092
simple,0,personality_01#13,test_pers,location,1,0.2426
simple,0,personality_01#14,test_pers,location,1,0.2871
simple,0,personality_01#15,test_pers,location,1,0.5495
simple,0,personality_01#16,test_pers,location,1,0.0584
simple,0,personality_01#17,test_pers,location,1,0.1905
simple,0,personality_01#18,test_pers,location,0,2.4394
simple,0,personality_01#19,test_pers,location,1,0.6828
simple,0,personality_01#20,test_pers,action,1,0.0728
simple,0,personality_01#21,test_pers,action,1,0.1597
simple,0,personality_01#22,test_pers,action,1,0.2579
simple,0,personality_01#23,test_pers,action,1,0.0247
simple,0,personality_01#24,test_pers,action,1,0.0402
simple,0,personality_01#25,test_pers,action,0,7.7774
simple,0,personality_01#26,test_pers,action,1,0.0086
simple,0,personality_01#27,test_pers,action,1,0.0151
simple,0,personality_01#28,test_pers,action,0,1.4006
simple,0,personality_01#29,test_pers,action,1,0.3287
simple,0,personality_01#30,test_pers,action,1,0.0107
simple,0,personality_01#31,test_pers,action,0,1.0247
simple,0,personality_01#32,test_pers,action,0,1.7696
simple,0,personality_01#33,test_pers,action,1,0.5264
simple,0,personality_01#34,test_pers,action,0,1.517
simple,0,personality_01#35,test_pers,action,1,0.1685
simple,0,personality_01#36,test_pers,action,0,1.0031
simple,0,personality_01#37,test_pers,action,0,1.0545
simple,0,personality_01#38,test_pers,action,0,1.902
simple,1,general_01#74,test_iid,action,1,0.4266
simple,1,general_01#75,test_iid,location,1,0.0307
simple,1,general_01#93,test_iid,action,1,0.5715
simple,1,general_01#94,test_iid,action,1,0.0685
simple,1,general_02#32,test_iid,action,1,0.7538
simple,1,general_02#35,test_iid,location,1,0.4002
simple,1,general_02#61,test_iid,action,1,0.6305
simple,1,general_02#65,test_iid,location,1,0.6928
simple,1,general_03#3,test_iid,location,1,0.2158
simple,1,general_03#14,test_iid,location,1,0.1833
simple,1,general_03#17,test_iid,location,0,1.041
simple,1,general_03#18,test_iid,location,1,0.014
simple,1,general_03#98,test_iid,action,1,0.1346
simple,1,general_04#10,test_iid,location,1,0.1919
simple,1,general_04#23,test_iid,location,0,2.1947
simple,1,general_04#29,test_iid,location,0,1.271
simple,1,general_04#52,test_iid,location,1,0.0018
simple,1,general_04#57,test_iid,action,1,0.0861
simple,1,general_04#85,test_iid,location,0,4.8445
simple,1,general_05#36,test_iid,action,1,0.0886
simple,1,general_05#94,test_iid,location,0,2.7198
simple,1,general_05#99,test_iid,location,1,0.0049
simple,1,general_06#11,test_iid,location,1,0.2357
simple,1,general_06#28,test_iid,location,1,0.5264
simple,1,general_06#33,test_iid,action,1,0.8219
simple,1,general_06#50,test_iid,location,1,0.5711
simple,1,general_06#67,test_iid,location,1,0.0003
simple,1,general_06#72,test_iid,location,1,0.0129
simple,1,general_06#84,test_iid,location,1,0.2866
simple,1,general_06#89,test_iid,location,1,0.0785
simple,1,general_07#70,test_iid,action,1,0.0767
simple,1,general_07#80,test_iid,location,0,1.4745
simple,1,general_07#95,test_iid,action,1,0.3356
simple,1,general_07#96,test_iid,action,0,0.7709
simple,1,general_08#17,test_iid,action,1,0.1899
simple,1,general_08#24,test_iid,action,1,0.2576
simple,1,general_08#44,test_iid,action,1,0.2303
simple,1,general_08#50,test_iid,action,1,0.599
simple,1,general_09#18,test_iid,location,0,1.2654
simple,1,general_09#47,test_iid,location,1,0.3786
simple,1,general_09#50,test_iid,action,1,0.0588
simple,1,general_09#84,test_iid,location,0,1.41
simple,1,general_09#96,test_iid,action,1,0.3476
simple,1,general_09#100,test_iid,location,0,1.2101
simple,1,general_10#88,test_iid,location,0,0.8472
simple,1,general_10#99,test_iid,location,1,0.0749
simple,1,general_11#6,test_iid,action,1,0.0641
simple,1,general_11#23,test_iid,action,1,0.4666
simple,1,general_11#68,test_iid,action,1,0.1254
simple,1,general_11#73,test_iid,action,1,0.3268
simple,1,general_11#78,test_iid,location,1,0.3381
simple,1,general_11#79,test_iid,action,1,0.5705
simple,1,general_11#92,test_iid,action,1,0.8813
simple,1,general_11#93,test_iid,location,1,0.2348
simple,1,general_12#4,test_iid,action,1,0.1879
simple,1,general_12#61,test_iid,action,0,1.417
simple,1,general_12#75,test_iid,location,1,0.0099
simple,1,general_12#82,test_iid,location,1,0.0724
simple,1,general_12#93,test_iid,action,1,0.2399
simple,1,general_13#37,test_iid,action,0,1.238
simple,1,general_13#40,test_iid,action,0,1.2618
simple,1,general_13#48,test_iid,action,1,0.0687
simple,1,general_13#66,test_iid,action,1,0.296
simple,1,general_13#73,test_iid,location,1,0.0826
simple,1,general_14#5,test_iid,action,0,1.5249
simple,1,general_14#27,test_iid,action,0,1.0959
simple,1,general_14#35,test_iid,action,0,1.6136
simple,1,general_14#53,test_iid,location,0,2.6514
simple,1,general_14#54,test_iid,location,0,1.3847
simple,1,general_14#68,test_iid,location,1,0.148
simple,1,general_14#83,test_iid,action,0,1.6087
simple,1,general_14#86,test_iid,action,1,0.4688
simple,1,general_14#90,test_iid,location,1,0.0
simple,1,general_15#20,test_iid,location,0,2.5056
simple,1,general_15#24,test_iid,location,1,0.0084
simple,1,general_15#39,test_iid,location,1,0.0009
simple,1,general_15#62,test_iid,action,0,1.5966
simple,1,general_15#80,test_iid,action,1,0.7793
simple,1,general_15#89,test_iid,action,1,0.0135
simple,1,heldout_location_01#1,test_family,location,1,0.0321
simple,1,heldout_location_01#2,test_family,location,0,3.1773
simple,1,heldout_location_01#3,test_family,location,1,0.0599
simple,1,heldout_location_01#4,test_family,location,1,0.0091
simple,1,heldout_location_01#5,test_family,location,0,3.0063
simple,1,heldout_location_01#6,test_family,location,1,0.0051
simple,1,heldout_location_01#7,test_family,location,0,3.8225
simple,1,heldout_location_01#8,test_family,location,0,1.674
simple,1,heldout_location_01#9,test_family,location,1,0.0011
simple,1,heldout_location_01#10,test_family,location,1,0.6857
simple,1,heldout_location_01#11,test_family,location,1,0.1576
simple,1,heldout_location_01#12,test_family,location,1,0.037
simple,1,heldout_location_01#13,test_family,location,0,3.9769
simple,1,heldout_location_01#14,test_family,location,0,1.1923
simple,1,heldout_location_01#15,test_family,location,0,1.3178
simple,1,heldout_location_01#16,test_family,location,0,1.2291
simple,1,heldout_location_01#17,test_family,location,1,0.0005
simple,1,heldout_location_01#18,test_family,location,1,0.0114
simple,1,heldout_location_01#19,test_family,location,0,2.0628
simple,1,heldout_location_01#20,test_family,action,0,2.331
simple,1,heldout_location_01#21,test_family,action,1,0.2432
simple,1,heldout_location_01#22,test_family,action,1,0.0381
simple,1,heldout_location_01#23,test_family,action,1,0.1476
simple,1,heldout_location_01#24,test_family,action,1,0.0104
simple,1,heldout_location_01#25,test_family,action,0,2.0142
simple,1,heldout_location_01#26,test_family,action,1,0.0
simple,1,heldout_location_01#27,test_family,action,0,1.5256
simple,1,heldout_location_01#28,test_family,action,1,0.0256
simple,1,heldout_location_01#29,test_family,action,0,1.6658
simple,1,heldout_location_01#30,test_family,action,1,0.314
simple,1,heldout_location_01#31,test_family,action,1,0.6402
simple,1,heldout_location_01#32,test_family,action,0,1.127
simple,1,heldout_location_01#33,test_family,action,1,0.1331
simple,1,heldout_location_01#34,test_family,action,1,0.0699
simple,1,heldout_location_01#35,test_family,action,1,0.6282
simple,1,heldout_location_01#36,test_family,action,0,1.4979
simple,1,heldout_location_01#37,test_family,action,1,0.1299
simple,1,personality_01#1,test_pers,location,1,0.2614
simple,1,personality_01#2,test_pers,location,0,1.5065
simple,1,personality_01#3,test_pers,location,0,1.0923
simple,1,personality_01#4,test_pers,location,1,0.1166
simple,1,personality_01#5,test_pers,location,0,4.8263
simple,1,personality_01#6,test_pers,location,1,0.7671
simple,1,personality_01#7,test_pers,location,0,2.7526
simple,1,personality_01#8,test_pers,location,1,0.4225
simple,1,personality_01#9,test_pers,location,1,0.0149
simple,1,personality_01#10,test_pers,location,1,0.3515
simple,1,personality_01#11,test_pers,location,0,2.1786
simple,1,personality_01#12,test_pers,location,1,0.0914
simple,1,personality_01#13,test_pers,location,1,0.2434
simple,1,personality_01#14,test_pers,location,1,0.2865
simple,1,personality_01#15,test_pers,location,1,0.5538
simple,1,personality_01#16,test_pers,location,1,0.0576
simple,1,personality_01#17,test_pers,location,1,0.191
simple,1,personality_01#18,test_pers,location,0,2.4358
simple,1,personality_01#19,test_pers,location,1,0.6756
simple,1,personality_01#20,test_pers,action,1,0.075
simple,1,personality_01#21,test_pers,action,1,0.1603
simple,1,personality_01#22,test_pers,action,1,0.258
simple,1,personality_01#23,test_pers,action,1,0.0248
simple,1,personality_01#24,test_pers,action,1,0.04
simple,1,personality_01#25,test_pers,action,0,7.7718
simple,1,personality_01#26,test_pers,action,1,0.0087
simple,1,personality_01#27,test_pers,action,1,0.0153
simple,1,personality_01#28,test_pers,action,0,1.4044
simple,1,personality_01#29,test_pers,action,1,0.3265
simple,1,personality_01#30,test_pers,action,1,0.0106
simple,1,personality_01#31,test_pers,action,0,1.0243
simple,1,personality_01#32,test_pers,action,0,1.7907
simple,1,personality_01#33,test_pers,action,1,0.5257
simple,1,personality_01#34,test_pers,action,0,1.5154
simple,1,personality_01#35,test_pers,action,1,0.1678
simple,1,personality_01#36,test_pers,action,0,1.007
simple,1,personality_01#37,test_pers,action,0,1.0529
simple,1,personality_01#38,test_pers,action,0,1.8961
simple,2,general_01#74,test_iid,action,1,0.4283
simple,2,general_01#75,test_iid,location,1,0.031
simple,2,general_01#93,test_iid,action,1,0.5744
simple,2,general_01#94,test_iid,action,1,0.0687
simple,2,general_02#32,test_iid,action,1,0.755
simple,2,general_02#35,test_iid,location,1,0.4032
simple,2,general_02#61,test_iid,action,1,0.6306
simple,2,general_02#65,test_iid,location,0,0.6983
simple,2,general_03#3,test_iid,location,1,0.219
simple,2,general_03#14,test_iid,location,1,0.1839
simple,2,general_03#17,test_iid,location,1,1.0327
simple,2,general_03#18,test_iid,location,1,0.0142
simple,2,general_03#98,test_iid,action,1,0.135
simple,2,general_04#10,test_iid,location,1,0.1938
simple,2,general_04#23,test_iid,location,0,2.1881
simple,2,general_04#29,test_iid,location,0,1.2846
simple,2,general_04#52,test_iid,location,1,0.0019
simple,2,general_04#57,test_iid,action,1,0.0866
simple,2,general_04#85,test_iid,location,0,4.8208
simple,2,general_05#36,test_iid,action,1,0.0888
simple,2,general_05#94,test_iid,location,0,2.7042
simple,2,general_05#99,test_iid,location,1,0.005
simple,2,general_06#11,test_iid,location,1,0.2353
simple,2,general_06#28,test_iid,location,1,0.5309
simple,2,general_06#33,test_iid,action,1,0.8216
simple,2,general_06#50,test_iid,location,1,0.5677
simple,2,general_06#67,test_iid,location,1,0.0003
simple,2,general_06#72,test_iid,location,1,0.0133
simple,2,general_06#84,test_iid,location,1,0.2883
simple,2,general_06#89,test_iid,location,1,0.0787
simple,2,general_07#70,test_iid,action,1,0.0766
simple,2,general_07#80,test_iid,location,0,1.4708
simple,2,general_07#95,test_iid,action,1,0.3351
simple,2,general_07#96,test_iid,action,0,0.7727
simple,2,general_08#17,test_iid,action,1,0.1897
simple,2,general_08#24,test_iid,action,1,0.2594
simple,2,general_08#44,test_iid,action,1,0.2324
simple,2,general_08#50,test_iid,action,1,0.6012
simple,2,general_09#18,test_iid,location,0,1.2925
simple,2,general_09#47,test_iid,location,1,0.3785
simple,2,general_09#50,test_iid,action,1,0.0589
simple,2,general_09#84,test_iid,location,0,1.4284
simple,2,general_09#96,test_iid,action,1,0.3499
simple,2,general_09#100,test_iid,location,0,1.2125
simple,2,general_10#88,test_iid,location,0,0.8535
simple,2,general_10#99,test_iid,location,1,0.0756
simple,2,general_11#6,test_iid,action,1,0.0639
simple,2,general_11#23,test_iid,action,1,0.4684
simple,2,general_11#68,test_iid,action,1,0.1263
simple,2,general_11#73,test_iid,action,1,0.328
simple,2,general_11#78,test_iid,location,1,0.3379
simple,2,general_11#79,test_iid,action,1,0.5707
simple,2,general_11#92,test_iid,action,1,0.8794
simple,2,general_11#93,test_iid,location,1,0.2349
simple,2,general_12#4,test_iid,action,1,0.19
simple,2,general_12#61,test_iid,action,0,1.4208
simple,2,general_12#75,test_iid,location,1,0.01
simple,2,general_12#82,test_iid,location,1,0.0728
simple,2,general_12#93,test_iid,action,1,0.2394
simple,2,general_13#37,test_iid,action,0,1.2438
simple,2,general_13#40,test_iid,action,0,1.2635
simple,2,general_13#48,test_iid,action,1,0.0691
simple,2,general_13#66,test_iid,action,1,0.2983
simple,2,general_13#73,test_iid,location,1,0.0838
simple,2,general_14#5,test_iid,action,0,1.5233
simple,2,general_14#27,test_iid,action,0,1.0966
simple,2,general_14#35,test_iid,action,0,1.6136
simple,2,general_14#53,test_iid,location,0,2.6368
simple,2,general_14#54,test_iid,location,0,1.3864
simple,2,general_14#68,test_iid,location,1,0.1501
simple,2,general_14#83,test_iid,action,0,1.6059
simple,2,general_14#86,test_iid,action,1,0.47
simple,2,general_14#90,test_iid,location,1,0.0
simple,2,general_15#20,test_iid,location,0,2.4943
simple,2,general_15#24,test_iid,location,1,0.0085
simple,2,general_15#39,test_iid,location,1,0.001
simple,2,general_15#62,test_iid,action,0,1.5996
simple,2,general_15#80,test_iid,action,1,0.7873
simple,2,general_15#89,test_iid,action,1,0.0135
simple,2,heldout_location_01#1,test_family,location,1,0.0322
simple,2,heldout_location_01#2,test_family,location,0,3.1641
simple,2,heldout_location_01#3,test_family,location,1,0.0607
simple,2,heldout_location_01#4,test_family,location,1,0.0092
simple,2,heldout_location_01#5,test_family,location,0,2.9875
simple,2,heldout_location_01#6,test_family,location,1,0.0052
simple,2,heldout_location_01#7,test_family,location,0,3.8199
simple,2,heldout_location_01#8,test_family,location,0,1.668
simple,2,heldout_location_01#9,test_family,location,1,0.0011
simple,2,heldout_location_01#10,test_family,location,1,0.6786
simple,2,heldout_location_01#11,test_family,location,1,0.1576
simple,2,heldout_location_01#12,test_family,location,1,0.0371
simple,2,heldout_location_01#13,test_family,location,0,3.9553
simple,2,heldout_location_01#14,test_family,location,0,1.1851
simple,2,heldout_location_01#15,test_family,location,0,1.3286
simple,2,heldout_location_01#16,test_family,location,0,1.2344
simple,2,heldout_location_01#17,test_family,location,1,0.0005
simple,2,heldout_location_01#18,test_family,location,1,0.0115
simple,2,heldout_location_01#19,test_family,location,0,2.0505
simple,2,heldout_location_01#20,test_family,action,0,2.3356
simple,2,heldout_location_01#21,test_family,action,1,0.2436
simple,2,heldout_location_01#22,test_family,action,1,0.0383
simple,2,heldout_location_01#23,test_family,action,1,0.1483
simple,2,heldout_location_01#24,test_family,action,1,0.0104
simple,2,heldout_location_01#25,test_family,action,0,2.0086
simple,2,heldout_location_01#26,test_family,action,1,0.0
simple,2,heldout_location_01#27,test_family,action,0,1.5274
simple,2,heldout_location_01#28,test_family,action,1,0.026
simple,2,heldout_location_01#29,test_family,action,0,1.6646
simple,2,heldout_location_01#30,test_family,action,1,0.3149
simple,2,heldout_location_01#31,test_family,action,1,0.639
simple,2,heldout_location_01#32,test_family,action,0,1.1318
simple,2,heldout_location_01#33,test_family,action,1,0.1347
simple,2,heldout_location_01#34,test_family,action,1,0.0702
simple,2,heldout_location_01#35,test_family,action,1,0.6295
simple,2,heldout_location_01#36,test_family,action,0,1.5045
simple,2,heldout_location_01#37,test_family,action,1,0.131
simple,2,personality_01#1,test_pers,location,1,0.2621
simple,2,personality_01#2,test_pers,location,0,1.5003
simple,2,personality_01#3,test_pers,location,0,1.0863
simple,2,personality_01#4,test_pers,location,1,0.1167
simple,2,personality_01#5,test_pers,location,0,4.8134
simple,2,personality_01#6,test_pers,location,1,0.7686
simple,2,personality_01#7,test_pers,location,0,2.7439
simple,2,personality_01#8,test_pers,location,1,0.4222
simple,2,personality_01#9,test_pers,location,1,0.0149
simple,2,personality_01#10,test_pers,location,1,0.3522
simple,2,personality_01#11,test_pers,location,0,2.1706
simple,2,personality_01#12,test_pers,location,1,0.0923
simple,2,personality_01#13,test_pers,location,1,0.2451
simple,2,personality_01#14,test_pers,location,1,0.2878
simple,2,personality_01#15,test_pers,location,1,0.5525
simple,2,personality_01#16,test_pers,location,1,0.0582
simple,2,personality_01#17,test_pers,location,1,0.1904
simple,2,personality_01#18,test_pers,location,0,2.4321
simple,2,personality_01#19,test_pers,location,1,0.6783
simple,2,personality_01#20,test_pers,action,1,0.0767
simple,2,personality_01#21,test_pers,action,1,0.1599
simple,2,personality_01#22,test_pers,action,1,0.2591
simple,2,personality_01#23,test_pers,action,1,0.025
simple,2,personality_01#24,test_pers,action,1,0.0403
simple,2,personality_01#25,test_pers,action,0,7.7807
simple,2,personality_01#26,test_pers,action,1,0.0089
simple,2,personality_01#27,test_pers,action,1,0.0154
simple,2,personality_01#28,test_pers,action,0,1.3997
simple,2,personality_01#29,test_pers,action,1,0.3286
simple,2,personality_01#30,test_pers,action,1,0.0106
simple,2,personality_01#31,test_pers,action,1,1.01
simple,2,personality_01#32,test_pers,action,0,1.8055
simple,2,personality_01#33,test_pers,action,1,0.5271
simple,2,personality_01#34,test_pers,action,0,1.522
simple,2,personality_01#35,test_pers,action,1,0.1675
simple,2,personality_01#36,test_pers,action,0,1.0111
simple,2,personality_01#37,test_pers,action,0,1.0529
simple,2,personality_01#38,test_pers,action,0,1.8964
simple,3,general_01#74,test_iid,action,1,0.4252
simple,3,general_01#75,test_iid,location,1,0.0305
simple,3,general_01#93,test_iid,action,1,0.5733
simple,3,general_01#94,test_iid,action,1,0.0685
simple,3,general_02#32,test_iid,action,1,0.7581
simple,3,general_02#35,test_iid,location,1,0.3995
simple,3,general_02#61,test_iid,action,1,0.6335
simple,3,general_02#65,test_iid,location,0,0.6957
simple,3,general_03#3,test_iid,location,1,0.2158
simple,3,general_03#14,test_iid,location,1,0.1832
simple,3,general_03#17,test_iid,location,0,1.0363
simple,3,general_03#18,test_iid,location,1,0.014
simple,3,general_03#98,test_iid,action,1,0.1339
simple,3,general_04#10,test_iid,location,1,0.1923
simple,3,general_04#23,test_iid,location,0,2.1987
simple,3,general_04#29,test_iid,location,0,1.2728
simple,3,general_04#52,test_iid,location,1,0.0018
simple,3,general_04#57,test_iid,action,1,0.0876
simple,3,general_04#85,test_iid,location,0,4.8297
simple,3,general_05#36,test_iid,action,1,0.0892
simple,3,general_05#94,test_iid,location,0,2.7219
simple,3,general_05#99,test_iid,location,1,0.0049
simple,3,general_06#11,test_iid,location,1,0.2353
simple,3,general_06#28,test_iid,location,1,0.5274
simple,3,general_06#33,test_iid,action,1,0.8245
simple,3,general_06#50,test_iid,location,1,0.5671
simple,3,general_06#67,test_iid,location,1,0.0003
simple,3,general_06#72,test_iid,location,1,0.0129
simple,3,general_06#84,test_iid,location,1,0.2857
simple,3,general_06#89,test_iid,location,1,0.0787
simple,3,general_07#70,test_iid,action,1,0.0771
simple,3,general_07#80,test_iid,location,0,1.4689
simple,3,general_07#95,test_iid,action,1,0.3358
simple,3,general_07#96,test_iid,action,0,0.7741
simple,3,general_08#17,test_iid,action,1,0.1899
simple,3,general_08#24,test_iid,action,1,0.2607
simple,3,general_08#44,test_iid,action,1,0.2312
simple,3,general_08#50,test_iid,action,1,0.599
simple,3,general_09#18,test_iid,location,0,1.272
simple,3,general_09#47,test_iid,location,1,0.377
simple,3,general_09#50,test_iid,action,1,0.0586
simple,3,general_09#84,test_iid,location,0,1.4157
simple,3,general_09#96,test_iid,action,1,0.3489
simple,3,general_09#100,test_iid,location,0,1.2073
simple,3,general_10#88,test_iid,location,0,0.8481
simple,3,general_10#99,test_iid,location,1,0.074
simple,3,general_11#6,test_iid,action,1,0.0633
simple,3,general_11#23,test_iid,action,1,0.4663
simple,3,general_11#68,test_iid,action,1,0.1251
simple,3,general_11#73,test_iid,action,1,0.3264
simple,3,general_11#78,test_iid,location,1,0.3365
simple,3,general_11#79,test_iid,action,1,0.5758
simple,3,general_11#92,test_iid,action,1,0.8799
simple,3,general_11#93,test_iid,location,1,0.2345
simple,3,general_12#4,test_iid,action,1,0.1859
simple,3,general_12#61,test_iid,action,0,1.423
simple,3,general_12#75,test_iid,location,1,0.0099
simple,3,general_12#82,test_iid,location,1,0.0729
simple,3,general_12#93,test_iid,action,1,0.2389
simple,3,general_13#37,test_iid,action,0,1.2396
simple,3,general_13#40,test_iid,action,0,1.2663
simple,3,general_13#48,test_iid,action,1,0.0686
simple,3,general_13#66,test_iid,action,1,0.2971
simple,3,general_13#73,test_iid,location,1,0.082
simple,3,general_14#5,test_iid,action,0,1.5263
simple,3,general_14#27,test_iid,action,0,1.1024
simple,3,general_14#35,test_iid,action,0,1.6109
simple,3,general_14#53,test_iid,location,0,2.6499
simple,3,general_14#54,test_iid,location,0,1.3846
simple,3,general_14#68,test_iid,location,1,0.149
simple,3,general_14#83,test_iid,action,0,1.6064
simple,3,general_14#86,test_iid,action,1,0.4676
simple,3,general_14#90,test_iid,location,1,0.0
simple,3,general_15#20,test_iid,location,0,2.5106
simple,3,general_15#24,test_iid,location,1,0.0083
simple,3,general_15#39,test_iid,location,1,0.0009
simple,3,general_15#62,test_iid,action,0,1.6051
simple,3,general_15#80,test_iid,action,1,0.7776
simple,3,general_15#89,test_iid,action,1,0.0134
simple,3,heldout_location_01#1,test_family,location,1,0.0324
simple,3,heldout_location_01#2,test_family,location,0,3.1788
simple,3,heldout_location_01#3,test_family,location,1,0.0603
simple,3,heldout_location_01#4,test_family,location,1,0.009
simple,3,heldout_location_01#5,test_family,location,0,3.0052
simple,3,heldout_location_01#6,test_family,location,1,0.0051
simple,3,heldout_location_01#7,test_family,location,0,3.8333
simple,3,heldout_location_01#8,test_family,location,0,1.6733
simple,3,heldout_location_01#9,test_family,location,1,0.0011
simple,3,heldout_location_01#10,test_family,location,1,0.6827
simple,3,heldout_location_01#11,test_family,location,1,0.1574
simple,3,heldout_location_01#12,test_family,location,1,0.0368
simple,3,heldout_location_01#13,test_family,location,0,3.9771
simple,3,heldout_location_01#14,test_family,location,0,1.1953
simple,3,heldout_location_01#15,test_family,location,0,1.3275
simple,3,heldout_location_01#16,test_family,location,0,1.2334
simple,3,heldout_location_01#17,test_family,location,1,0.0005
simple,3,heldout_location_01#18,test_family,location,1,0.0113
simple,3,heldout_location_01#19,test_family,location,0,2.0598
simple,3,heldout_location_01#20,test_family,action,0,2.3347
simple,3,heldout_location_01#21,test_family,action,1,0.2418
simple,3,heldout_location_01#22,test_family,action,1,0.0378
simple,3,heldout_location_01#23,test_family,action,1,0.146
simple,3,heldout_location_01#24,test_family,action,1,0.0104
simple,3,heldout_location_01#25,test_family,action,0,2.0081
simple,3,heldout_location_01#26,test_family,action,1,0.0
simple,3,heldout_location_01#27,test_family,action,0,1.5329
simple,3,heldout_location_01#28,test_family,action,1,0.0257
simple,3,heldout_location_01#29,test_family,action,0,1.6638
simple,3,heldout_location_01#30,test_family,action,1,0.3135
simple,3,heldout_location_01#31,test_family,action,1,0.6388
simple,3,heldout_location_01#32,test_family,action,0,1.1261
simple,3,heldout_location_01#33,test_family,action,1,0.1322
simple,3,heldout_location_01#34,test_family,action,1,0.0691
simple,3,heldout_location_01#35,test_family,action,1,0.628
simple,3,heldout_location_01#36,test_family,action,0,1.4948
simple,3,heldout_location_01#37,test_family,action,1,0.1305
simple,3,personality_01#1,test_pers,location,1,0.2617
simple,3,personality_01#2,test_pers,location,0,1.5
simple,3,personality_01#3,test_pers,location,0,1.0886
simple,3,personality_01#4,test_pers,location,1,0.1163
simple,3,personality_01#5,test_pers,location,0,4.8275
simple,3,personality_01#6,test_pers,location,1,0.7757
simple,3,personality_01#7,test_pers,location,0,2.7474
simple,3,personality_01#8,test_pers,location,1,0.4212
simple,3,personality_01#9,test_pers,location,1,0.0149
simple,3,personality_01#10,test_pers,location,1,0.3517
simple,3,personality_01#11,test_pers,location,0,2.1707
simple,3,personality_01#12,test_pers,location,1,0.0913
simple,3,personality_01#13,test_pers,location,1,0.2449
simple,3,personality_01#14,test_pers,location,1,0.2888
simple,3,personality_01#15,test_pers,location,1,0.5501
simple,3,personality_01#16,test_pers,location,1,0.0574
simple,3,personality_01#17,test_pers,location,1,0.1907
simple,3,personality_01#18,test_pers,location,0,2.4265
simple,3,personality_01#19,test_pers,location,1,0.6742
simple,3,personality_01#20,test_pers,action,1,0.0751
simple,3,personality_01#21,test_pers,action,1,0.1616
simple,3,personality_01#22,test_pers,action,1,0.2562
simple,3,personality_01#23,test_pers,action,1,0.0246
simple,3,personality_01#24,test_pers,action,1,0.0402
simple,3,personality_01#25,test_pers,action,0,7.7862
simple,3,personality_01#26,test_pers,action,1,0.0088
simple,3,personality_01#27,test_pers,action,1,0.0152
simple,3,personality_01#28,test_pers,action,0,1.4037
simple,3,personality_01#29,test_pers,action,1,0.3304
simple,3,personality_01#30,test_pers,action,1,0.0107
simple,3,personality_01#31,test_pers,action,1,1.01
simple,3,personality_01#32,test_pers,action,0,1.7842
simple,3,personality_01#33,test_pers,action,1,0.5273
simple,3,personality_01#34,test_pers,action,0,1.5173
simple,3,personality_01#35,test_pers,action,1,0.1694
simple,3,personality_01#36,test_pers,action,0,1.0041
simple,3,personality_01#37,test_pers,action,0,1.0565
simple,3,personality_01#38,test_pers,action,0,1.9034
simple,4,general_01#74,test_iid,action,1,0.4274
simple,4,general_01#75,test_iid,location,1,0.031
simple,4,general_01#93,test_iid,action,1,0.5734
simple,4,general_01#94,test_iid,action,1,0.0686
simple,4,general_02#32,test_iid,action,1,0.7529
simple,4,general_02#35,test_iid,location,1,0.3977
simple,4,general_02#61,test_iid,action,1,0.6258
simple,4,general_02#65,test_iid,location,0,0.6946
simple,4,general_03#3,test_iid,location,1,0.2154
simple,4,general_03#14,test_iid,location,1,0.1839
simple,4,general_03#17,test_iid,location,0,1.034
simple,4,general_03#18,test_iid,location,1,0.0143
simple,4,general_03#98,test_iid,action,1,0.1356
simple,4,general_04#10,test_iid,location,1,0.1943
simple,4,general_04#23,test_iid,location,0,2.1877
simple,4,general_04#29,test_iid,location,0,1.2707
simple,4,general_04#52,test_iid,location,1,0.0019
simple,4,general_04#57,test_iid,action,1,0.0866
simple,4,general_04#85,test_iid,location,0,4.8159
simple,4,general_05#36,test_iid,action,1,0.0896
simple,4,general_05#94,test_iid,location,0,2.7238
simple,4,general_05#99,test_iid,location,1,0.0051
simple,4,general_06#11,test_iid,location,1,0.2346
simple,4,general_06#28,test_iid,location,1,0.5302
simple,4,general_06#33,test_iid,action,1,0.824
simple,4,general_06#50,test_iid,location,1,0.5689
simple,4,general_06#67,test_iid,location,1,0.0003
simple,4,general_06#72,test_iid,location,1,0.0131
simple,4,general_06#84,test_iid,location,1,0.2879
simple,4,general_06#89,test_iid,location,1,0.0794
simple,4,general_07#70,test_iid,action,1,0.0772
simple,4,general_07#80,test_iid,location,0,1.4739
simple,4,general_07#95,test_iid,action,1,0.3337
simple,4,general_07#96,test_iid,action,0,0.7699
simple,4,general_08#17,test_iid,action,1,0.1891
simple,4,general_08#24,test_iid,action,1,0.2592
simple,4,general_08#44,test_iid,action,1,0.232
simple,4,general_08#50,test_iid,action,1,0.601
simple,4,general_09#18,test_iid,location,0,1.2712
simple,4,general_09#47,test_iid,location,1,0.3777
simple,4,general_09#50,test_iid,action,1,0.0589
simple,4,general_09#84,test_iid,location,0,1.4164
simple,4,general_09#96,test_iid,action,1,0.348
simple,4,general_09#100,test_iid,location,0,1.2009
simple,4,general_10#88,test_iid,location,0,0.8517
simple,4,general_10#99,test_iid,location,1,0.0759
simple,4,general_11#6,test_iid,action,1,0.0646
simple,4,general_11#23,test_iid,action,1,0.4697
simple,4,general_11#68,test_iid,action,1,0.1281
simple,4,general_11#73,test_iid,action,1,0.3304
simple,4,general_11#78,test_iid,location,1,0.3388
simple,4,general_11#79,test_iid,action,1,0.5708
simple,4,general_11#92,test_iid,action,1,0.8821
simple,4,general_11#93,test_iid,location,1,0.2347
simple,4,general_12#4,test_iid,action,1,0.1882
simple,4,general_12#61,test_iid,action,0,1.4159
simple,4,general_12#75,test_iid,location,1,0.0101
simple,4,general_12#82,test_iid,location,1,0.0729
simple,4,general_12#93,test_iid,action,1,0.2412
simple,4,general_13#37,test_iid,action,0,1.2413
simple,4,general_13#40,test_iid,action,0,1.2644
simple,4,general_13#48,test_iid,action,1,0.069
simple,4,general_13#66,test_iid,action,1,0.2967
simple,4,general_13#73,test_iid,location,1,0.0825
simple,4,general_14#5,test_iid,action,0,1.5245
simple,4,general_14#27,test_iid,action,0,1.0997
simple,4,general_14#35,test_iid,action,0,1.595
simple,4,general_14#53,test_iid,location,0,2.6399
simple,4,general_14#54,test_iid,location,0,1.3863
simple,4,general_14#68,test_iid,location,1,0.1501
simple,4,general_14#83,test_iid,action,0,1.6085
simple,4,general_14#86,test_iid,action,1,0.4683
simple,4,general_14#90,test_iid,location,1,0.0
simple,4,general_15#20,test_iid,location,0,2.4955
simple,4,general_15#24,test_iid,location,1,0.0085
simple,4,general_15#39,test_iid,location,1,0.001
simple,4,general_15#62,test_iid,action,0,1.5988
simple,4,general_15#80,test_iid,action,1,0.7807
simple,4,general_15#89,test_iid,action,1,0.0136
simple,4,heldout_location_01#1,test_family,location,1,0.0319
simple,4,heldout_location_01#2,test_family,location,0,3.1681
simple,4,heldout_location_01#3,test_family,location,1,0.0602
simple,4,heldout_location_01#4,test_family,location,1,0.0092
simple,4,heldout_location_01#5,test_family,location,0,2.9909
simple,4,heldout_location_01#6,test_family,location,1,0.0052
simple,4,heldout_location_01#7,test_family,location,0,3.8019
simple,4,heldout_location_01#8,test_family,location,0,1.6695
simple,4,heldout_location_01#9,test_family,location,1,0.0012
simple,4,heldout_location_01#10,test_family,location,1,0.6885
simple,4,heldout_location_01#11,test_family,location,1,0.1588
simple,4,heldout_location_01#12,test_family,location,1,0.0373
simple,4,heldout_location_01#13,test_family,location,0,3.9509
simple,4,heldout_location_01#14,test_family,location,0,1.197
simple,4,heldout_location_01#15,test_family,location,0,1.3184
simple,4,heldout_location_01#16,test_family,location,0,1.2309
simple,4,heldout_location_01#17,test_family,location,1,0.0005
simple,4,heldout_location_01#18,test_family,location,1,0.0115
simple,4,heldout_location_01#19,test_family,location,0,2.0533
simple,4,heldout_location_01#20,test_family,action,0,2.3392
simple,4,heldout_location_01#21,test_family,action,1,0.2434
simple,4,heldout_location_01#22,test_family,action,1,0.0381
simple,4,heldout_location_01#23,test_family,action,1,0.149
simple,4,heldout_location_01#24,test_family,action,1,0.0104
simple,4,heldout_location_01#25,test_family,action,0,2.01
simple,4,heldout_location_01#26,test_family,action,1,0.0
simple,4,heldout_location_01#27,test_family,action,0,1.5264
simple,4,heldout_location_01#28,test_family,action,1,0.0255
simple,4,heldout_location_01#29,test_family,action,0,1.6653
simple,4,heldout_location_01#30,test_family,action,1,0.3155
simple,4,heldout_location_01#31,test_family,action,1,0.6454
simple,4,heldout_location_01#32,test_family,action,0,1.1352
simple,4,heldout_location_01#33,test_family,action,1,0.1331
simple,4,heldout_location_01#34,test_family,action,1,0.0705
simple,4,heldout_location_01#35,test_family,action,1,0.6272
simple,4,heldout_location_01#36,test_family,action,0,1.4986
simple,4,heldout_location_01#37,test_family,action,1,0.1294
simple,4,personality_01#1,test_pers,location,1,0.2599
simple,4,personality_01#2,test_pers,location,0,1.5027
simple,4,personality_01#3,test_pers,location,0,1.1018
simple,4,personality_01#4,test_pers,location,1,0.1169
simple,4,personality_01#5,test_pers,location,0,4.81
simple,4,personality_01#6,test_pers,location,1,0.7666
simple,4,personality_01#7,test_pers,location,0,2.748
simple,4,personality_01#8,test_pers,location,1,0.4226
simple,4,personality_01#9,test_pers,location,1,0.0151
simple,4,personality_01#10,test_pers,location,1,0.3515
simple,4,personality_01#11,test_pers,location,0,2.1757
simple,4,personality_01#12,test_pers,location,1,0.0918
simple,4,personality_01#13,test_pers,location,1,0.2447
simple,4,personality_01#14,test_pers,location,1,0.288
simple,4,personality_01#15,test_pers,location,1,0.5519
simple,4,personality_01#16,test_pers,location,1,0.0585
simple,4,personality_01#17,test_pers,location,1,0.1903
simple,4,personality_01#18,test_pers,location,0,2.4296
simple,4,personality_01#19,test_pers,location,1,0.6805
simple,4,personality_01#20,test_pers,action,1,0.0757
simple,4,personality_01#21,test_pers,action,1,0.1597
simple,4,personality_01#22,test_pers,action,1,0.2591
simple,4,personality_01#23,test_pers,action,1,0.0249
simple,4,personality_01#24,test_pers,action,1,0.0402
simple,4,personality_01#25,test_pers,action,0,7.7558
simple,4,personality_01#26,test_pers,action,1,0.0089
simple,4,personality_01#27,test_pers,action,1,0.0154
simple,4,personality_01#28,test_pers,action,0,1.3952
simple,4,personality_01#29,test_pers,action,1,0.3286
simple,4,personality_01#30,test_pers,action,1,0.0106
simple,4,personality_01#31,test_pers,action,0,1.021
simple,4,personality_01#32,test_pers,action,0,1.7872
simple,4,personality_01#33,test_pers,action,1,0.5248
simple,4,personality_01#34,test_pers,action,0,1.5122
simple,4,personality_01#35,test_pers,action,1,0.169
simple,4,personality_01#36,test_pers,action,0,1.0153
simple,4,personality_01#37,test_pers,action,0,1.055
simple,4,personality_01#38,test_pers,action,0,1.8954
agnostic_simple,0,general_01#74,test_iid,action,0,1.5438
agnostic_simple,0,general_01#75,test_iid,location,0,1.3683
agnostic_simple,0,general_01#93,test_iid,action,1,0.9302
agnostic_simple,0,general_01#94,test_iid,action,1,1.1847
agnostic_simple,0,general_02#32,test_iid,action,1,0.7161
agnostic_simple,0,general_02#35,test_iid,location,0,1.7249
agnostic_simple,0,general_02#61,test_iid,action,0,1.1956
agnostic_simple,0,general_02#65,test_iid,location,0,1.0379
agnostic_simple,0,general_03#3,test_iid,location,1,1.2156
agnostic_simple,0,general_03#14,test_iid,location,1,1.1119
agnostic_simple,0,general_03#17,test_iid,location,0,1.4296
agnostic_simple,0,general_03#18,test_iid,location,1,0.8954
agnostic_simple,0,general_03#98,test_iid,action,0,1.0279
agnostic_simple,0,general_04#10,test_iid,location,0,1.2443
agnostic_simple,0,general_04#23,test_iid,location,0,0.902
agnostic_simple,0,general_04#29,test_iid,location,0,1.5523
agnostic_simple,0,general_04#52,test_iid,location,1,0.4354
agnostic_simple,0,general_04#57,test_iid,action,1,0.7336
agnostic_simple,0,general_04#85,test_iid,location,1,0.9123
agnostic_simple,0,general_05#36,test_iid,action,0,1.9416
agnostic_simple,0,general_05#94,test_iid,location,1,0.3798
agnostic_simple,0,general_05#99,test_iid,location,1,0.5492
agnostic_simple,0,general_06#11,test_iid,location,1,1.0411
agnostic_simple,0,general_06#28,test_iid,location,0,1.7082
agnostic_simple,0,general_06#33,test_iid,action,1,0.9302
agnostic_simple,0,general_06#50,test_iid,location,0,1.8204
agnostic_simple,0,general_06#67,test_iid,location,1,0.5682
agnostic_simple,0,general_06#72,test_iid,location,1,1.0721
agnostic_simple,0,general_06#84,test_iid,location,1,1.4231
agnostic_simple,0,general_06#89,test_iid,location,0,2.1135
agnostic_simple,0,general_07#70,test_iid,action,1,0.7336
agnostic_simple,0,general_07#80,test_iid,location,1,1.3812
agnostic_simple,0,general_07#95,test_iid,action,0,1.2195
agnostic_simple,0,general_07#96,test_iid,action,1,0.919
agnostic_simple,0,general_08#17,test_iid,action,1,0.7284
agnostic_simple,0,general_08#24,test_iid,action,0,1.5438
agnostic_simple,0,general_08#44,test_iid,action,1,0.9813
agnostic_simple,0,general_08#50,test_iid,action,0,1.1491
agnostic_simple,0,general_09#18,test_iid,location,0,1.4434
agnostic_simple,0,general_09#47,test_iid,location,1,1.0677
agnostic_simple,0,general_09#50,test_iid,action,1,1.0174
agnostic_simple,0,general_09#84,test_iid,location,1,0.3624
agnostic_simple,0,general_09#96,test_iid,action,0,1.2455
agnostic_simple,0,general_09#100,test_iid,location,0,2.2097
agnostic_simple,0,general_10#88,test_iid,location,0,1.8849
agnostic_simple,0,general_10#99,test_iid,location,0,0.7059
agnostic_simple,0,general_11#6,test_iid,action,0,0.8856
agnostic_simple,0,general_11#23,test_iid,action,1,0.905
agnostic_simple,0,general_11#68,test_iid,action,0,1.0652
agnostic_simple,0,general_11#73,test_iid,action,1,0.9426
agnostic_simple,0,general_11#78,test_iid,location,1,0.9782
agnostic_simple,0,general_11#79,test_iid,action,0,1.157
agnostic_simple,0,general_11#92,test_iid,action,0,1.1708
agnostic_simple,0,general_11#93,test_iid,location,1,1.265
agnostic_simple,0,general_12#4,test_iid,action,0,1.5438
agnostic_simple,0,general_12#61,test_iid,action,1,0.7701
agnostic_simple,0,general_12#75,test_iid,location,1,0.5893
agnostic_simple,0,general_12#82,test_iid,location,1,0.5193
agnostic_simple,0,general_12#93,test_iid,action,0,1.3835
agnostic_simple,0,general_13#37,test_iid,action,0,1.2455
agnostic_simple,0,general_13#40,test_iid,action,0,1.0981
agnostic_simple,0,general_13#48,test_iid,action,1,0.6942
agnostic_simple,0,general_13#66,test_iid,action,0,1.1857
agnostic_simple,0,general_13#73,test_iid,location,0,1.4451
agnostic_simple,0,general_14#5,test_iid,action,0,1.0908
agnostic_simple,0,general_14#27,test_iid,action,1,0.896
agnostic_simple,0,general_14#35,test_iid,action,0,1.4659
agnostic_simple,0,general_14#53,test_iid,location,0,1.4634
agnostic_simple,0,general_14#54,test_iid,location,0,2.2778
agnostic_simple,0,general_14#68,test_iid,location,1,0.5558
agnostic_simple,0,general_14#83,test_iid,action,0,1.1708
agnostic_simple,0,general_14#86,test_iid,action,1,0.7181
agnostic_simple,0,general_14#90,test_iid,location,1,0.3215
agnostic_simple,0,general_15#20,test_iid,location,0,0.9881
agnostic_simple,0,general_15#24,test_iid,location,1,1.05
agnostic_simple,0,general_15#39,test_iid,location,1,0.8503
agnostic_simple,0,general_15#62,test_iid,action,0,1.4678
agnostic_simple,0,general_15#80,test_iid,action,0,0.8975
agnostic_simple,0,general_15#89,test_iid,action,1,0.7701
agnostic_simple,0,heldout_location_01#1,test_family,location,0,1.2625
agnostic_simple,0,heldout_location_01#2,test_family,location,0,0.9234
agnostic_simple,0,heldout_location_01#3,test_family,location,1,0.8194
agnostic_simple,0,heldout_location_01#4,test_family,location,0,1.7988
agnostic_simple,0,heldout_location_01#5,test_family,location,0,1.2802
agnostic_simple,0,heldout_location_01#6,test_family,location,0,1.7141
agnostic_simple,0,heldout_location_01#7,test_family,location,0,1.2289
agnostic_simple,0,heldout_location_01#8,test_family,location,0,1.5133
agnostic_simple,0,heldout_location_01#9,test_family,location,1,1.0456
agnostic_simple,0,heldout_location_01#10,test_family,location,0,0.8833
agnostic_simple,0,heldout_location_01#11,test_family,location,0,1.8025
agnostic_simple,0,heldout_location_01#12,test_family,location,0,1.7147
agnostic_simple,0,heldout_location_01#13,test_family,location,0,1.2899
agnostic_simple,0,heldout_location_01#14,test_family,location,0,1.2024
agnostic_simple,0,heldout_location_01#15,test_family,location,0,1.2608
agnostic_simple,0,heldout_location_01#16,test_family,location,0,1.0927
agnostic_simple,0,heldout_location_01#17,test_family,location,1,0.8462
agnostic_simple,0,heldout_location_01#18,test_family,location,0,1.6862
agnostic_simple,0,heldout_location_01#19,test_family,location,0,1.2474
agnostic_simple,0,heldout_location_01#20,test_family,action,1,0.8389
agnostic_simple,0,heldout_location_01#21,test_family,action,1,0.8196
agnostic_simple,0,heldout_location_01#22,test_family,action,0,1.3208
agnostic_simple,0,heldout_location_01#23,test_family,action,1,0.9763
agnostic_simple,0,heldout_location_01#24,test_family,action,0,1.3406
agnostic_simple,0,heldout_location_01#25,test_family,action,1,0.8782
agnostic_simple,0,heldout_location_01#26,test_family,action,0,1.6841
agnostic_simple,0,heldout_location_01#27,test_family,action,0,1.0346
agnostic_simple,0,heldout_location_01#28,test_family,action,0,1.1652
agnostic_simple,0,heldout_location_01#29,test_family,action,0,1.3977
agnostic_simple,0,heldout_location_01#30,test_family,action,1,0.9737
agnostic_simple,0,heldout_location_01#31,test_family,action,0,0.9192
agnostic_simple,0,heldout_location_01#32,test_family,action,1,0.852
agnostic_simple,0,heldout_location_01#33,test_family,action,0,1.3208
agnostic_simple,0,heldout_location_01#34,test_family,action,1,1.0294
agnostic_simple,0,heldout_location_01#35,test_family,action,1,0.8467
agnostic_simple,0,heldout_location_01#36,test_family,action,0,1.3977
agnostic_simple,0,heldout_location_01#37,test_family,action,0,1.3208
agnostic_simple,0,personality_01#1,test_pers,location,0,1.4325
agnostic_simple,0,personality_01#2,test_pers,location,1,1.1402
agnostic_simple,0,personality_01#3,test_pers,location,0,1.0256
agnostic_simple,0,personality_01#4,test_pers,location,0,1.6533
agnostic_simple,0,personality_01#5,test_pers,location,0,1.7266
agnostic_simple,0,personality_01#6,test_pers,location,0,1.5849
agnostic_simple,0,personality_01#7,test_pers,location,1,1.1143
agnostic_simple,0,personality_01#8,test_pers,location,0,1.0346
agnostic_simple,0,personality_01#9,test_pers,location,0,1.3286
agnostic_simple,0,personality_01#10,test_pers,location,0,2.1135
agnostic_simple,0,personality_01#11,test_pers,location,1,0.9376
agnostic_simple,0,personality_01#12,test_pers,location,0,1.6453
agnostic_simple,0,personality_01#13,test_pers,location,0,1.7575
agnostic_simple,0,personality_01#14,test_pers,location,0,1.1527
agnostic_simple,0,personality_01#15,test_pers,location,0,1.8194
agnostic_simple,0,personality_01#16,test_pers,location,0,1.8279
agnostic_simple,0,personality_01#17,test_pers,location,0,1.2594
agnostic_simple,0,personality_01#18,test_pers,location,1,1.1126
agnostic_simple,0,personality_01#19,test_pers,location,1,0.8645
agnostic_simple,0,personality_01#20,test_pers,action,1,0.6279
agnostic_simple,0,personality_01#21,test_pers,action,1,0.8419
agnostic_simple,0,personality_01#22,test_pers,action,0,1.2195
agnostic_simple,0,personality_01#23,test_pers,action,0,1.4324
agnostic_simple,0,personality_01#24,test_pers,action,0,1.1756
agnostic_simple,0,personality_01#25,test_pers,action,0,3.4934
agnostic_simple,0,personality_01#26,test_pers,action,1,0.5584
agnostic_simple,0,personality_01#27,test_pers,action,0,1.5061
agnostic_simple,0,personality_01#28,test_pers,action,1,0.9426
agnostic_simple,0,personality_01#29,test_pers,action,1,0.7336
agnostic_simple,0,personality_01#30,test_pers,action,0,1.1579
agnostic_simple,0,personality_01#31,test_pers,action,0,2.1386
agnostic_simple,0,personality_01#32,test_pers,action,1,0.7353
agnostic_simple,0,personality_01#33,test_pers,action,0,1.0176
agnostic_simple,0,personality_01#34,test_pers,action,0,1.535
agnostic_simple,0,personality_01#35,test_pers,action,1,0.785
agnostic_simple,0,personality_01#36,test_pers,action,1,1.0174
agnostic_simple,0,personality_01#37,test_pers,action,0,1.3774
agnostic_simple,0,personality_01#38,test_pers,action,0,1.4501
agnostic_simple,1,general_01#74,test_iid,action,0,1.5378
agnostic_simple,1,general_01#75,test_iid,location,0,1.3663
agnostic_simple,1,general_01#93,test_iid,action,1,0.9297
agnostic_simple,1,general_01#94,test_iid,action,1,1.1856
agnostic_simple,1,general_02#32,test_iid,action,1,0.72
agnostic_simple,1,general_02#35,test_iid,location,0,1.7266
agnostic_simple,1,general_02#61,test_iid,action,0,1.2033
agnostic_simple,1,general_02#65,test_iid,location,0,1.0379
agnostic_simple,1,general_03#3,test_iid,location,1,1.2172
agnostic_simple,1,general_03#14,test_iid,location,1,1.1128
agnostic_simple,1,general_03#17,test_iid,location,0,1.4295
agnostic_simple,1,general_03#18,test_iid,location,1,0.8969
agnostic_simple,1,general_03#98,test_iid,action,0,1.0227
agnostic_simple,1,general_04#10,test_iid,location,0,1.2441
agnostic_simple,1,general_04#23,test_iid,location,0,0.9008
agnostic_simple,1,general_04#29,test_iid,location,0,1.5528
agnostic_simple,1,general_04#52,test_iid,location,1,0.4365
agnostic_simple,1,general_04#57,test_iid,action,1,0.7371
agnostic_simple,1,general_04#85,test_iid,location,1,0.9134
agnostic_simple,1,general_05#36,test_iid,action,0,1.947
agnostic_simple,1,general_05#94,test_iid,location,1,0.3818
agnostic_simple,1,general_05#99,test_iid,location,1,0.5495
agnostic_simple,1,general_06#11,test_iid,location,1,1.0428
agnostic_simple,1,general_06#28,test_iid,location,0,1.7075
agnostic_simple,1,general_06#33,test_iid,action,1,0.9297
agnostic_simple,1,general_06#50,test_iid,location,0,1.8204
agnostic_simple,1,general_06#67,test_iid,location,1,0.5676
agnostic_simple,1,general_06#72,test_iid,location,1,1.0737
agnostic_simple,1,general_06#84,test_iid,location,1,1.4244
agnostic_simple,1,general_06#89,test_iid,location,0,2.1137
agnostic_simple,1,general_07#70,test_iid,action,1,0.7371
agnostic_simple,1,general_07#80,test_iid,location,1,1.3824
agnostic_simple,1,general_07#95,test_iid,action,0,1.2188
agnostic_simple,1,general_07#96,test_iid,action,1,0.9176
agnostic_simple,1,general_08#17,test_iid,action,1,0.7288
agnostic_simple,1,general_08#24,test_iid,action,0,1.5378
agnostic_simple,1,general_08#44,test_iid,action,1,0.9813
agnostic_simple,1,general_08#50,test_iid,action,0,1.1445
agnostic_simple,1,general_09#18,test_iid,location,0,1.4429
agnostic_simple,1,general_09#47,test_iid,location,1,1.0685
agnostic_simple,1,general_09#50,test_iid,action,1,1.0116
agnostic_simple,1,general_09#84,test_iid,location,1,0.3633
agnostic_simple,1,general_09#96,test_iid,action,0,1.2437
agnostic_simple,1,general_09#100,test_iid,location,0,2.2077
agnostic_simple,1,general_10#88,test_iid,location,0,1.8825
agnostic_simple,1,general_10#99,test_iid,location,0,0.7062
agnostic_simple,1,general_11#6,test_iid,action,0,0.8833
agnostic_simple,1,general_11#23,test_iid,action,1,0.9035
agnostic_simple,1,general_11#68,test_iid,action,0,1.0605
agnostic_simple,1,general_11#73,test_iid,action,1,0.9424
agnostic_simple,1,general_11#78,test_iid,location,1,0.98
agnostic_simple,1,general_11#79,test_iid,action,0,1.1639
agnostic_simple,1,general_11#92,test_iid,action,0,1.172
agnostic_simple,1,general_11#93,test_iid,location,1,1.2659
agnostic_simple,1,general_12#4,test_iid,action,0,1.5378
agnostic_simple,1,general_12#61,test_iid,action,1,0.7731
agnostic_simple,1,general_12#75,test_iid,location,1,0.5899
agnostic_simple,1,general_12#82,test_iid,location,1,0.521
agnostic_simple,1,general_12#93,test_iid,action,0,1.3739
agnostic_simple,1,general_13#37,test_iid,action,0,1.2437
agnostic_simple,1,general_13#40,test_iid,action,0,1.1002
agnostic_simple,1,general_13#48,test_iid,action,1,0.6963
agnostic_simple,1,general_13#66,test_iid,action,0,1.1865
agnostic_simple,1,general_13#73,test_iid,location,0,1.4421
agnostic_simple,1,general_14#5,test_iid,action,0,1.0902
agnostic_simple,1,general_14#27,test_iid,action,1,0.8975
agnostic_simple,1,general_14#35,test_iid,action,0,1.4677
agnostic_simple,1,general_14#53,test_iid,location,0,1.4607
agnostic_simple,1,general_14#54,test_iid,location,0,2.2726
agnostic_simple,1,general_14#68,test_iid,location,1,0.556
agnostic_simple,1,general_14#83,test_iid,action,0,1.172
agnostic_simple,1,general_14#86,test_iid,action,1,0.7204
agnostic_simple,1,general_14#90,test_iid,location,1,0.3233
agnostic_simple,1,general_15#20,test_iid,location,0,0.9863
agnostic_simple,1,general_15#24,test_iid,location,1,1.0539
agnostic_simple,1,general_15#39,test_iid,location,1,0.8512
agnostic_simple,1,general_15#62,test_iid,action,0,1.4709
agnostic_simple,1,general_15#80,test_iid,action,0,0.8998
agnostic_simple,1,general_15#89,test_iid,action,1,0.7731
agnostic_simple,1,heldout_location_01#1,test_family,location,0,1.2655
agnostic_simple,1,heldout_location_01#2,test_family,location,0,0.9232
agnostic_simple,1,heldout_location_01#3,test_family,location,1,0.8212
agnostic_simple,1,heldout_location_01#4,test_family,location,0,1.7964
agnostic_simple,1,heldout_location_01#5,test_family,location,0,1.2783
agnostic_simple,1,heldout_location_01#6,test_family,location,0,1.7142
agnostic_simple,1,heldout_location_01#7,test_family,location,0,1.2295
agnostic_simple,1,heldout_location_01#8,test_family,location,0,1.5143
agnostic_simple,1,heldout_location_01#9,test_family,location,1,1.0451
agnostic_simple,1,heldout_location_01#10,test_family,location,0,0.8829
agnostic_simple,1,heldout_location_01#11,test_family,location,0,1.8019
agnostic_simple,1,heldout_location_01#12,test_family,location,0,1.7109
agnostic_simple,1,heldout_location_01#13,test_family,location,0,1.2905
agnostic_simple,1,heldout_location_01#14,test_family,location,0,1.2015
agnostic_simple,1,heldout_location_01#15,test_family,location,0,1.2625
agnostic_simple,1,heldout_location_01#16,test_family,location,0,1.0921
agnostic_simple,1,heldout_location_01#17,test_family,location,1,0.8493
agnostic_simple,1,heldout_location_01#18,test_family,location,0,1.6861
agnostic_simple,1,heldout_location_01#19,test_family,location,0,1.2471
agnostic_simple,1,heldout_location_01#20,test_family,action,1,0.8382
agnostic_simple,1,heldout_location_01#21,test_family,action,1,0.8165
agnostic_simple,1,heldout_location_01#22,test_family,action,0,1.3249
agnostic_simple,1,heldout_location_01#23,test_family,action,1,0.9725
agnostic_simple,1,heldout_location_01#24,test_family,action,0,1.3445
agnostic_simple,1,heldout_location_01#25,test_family,action,1,0.878
agnostic_simple,1,heldout_location_01#26,test_family,action,0,1.6871
agnostic_simple,1,heldout_location_01#27,test_family,action,0,1.035
agnostic_simple,1,heldout_location_01#28,test_family,action,0,1.17
agnostic_simple,1,heldout_location_01#29,test_family,action,0,1.3978
agnostic_simple,1,heldout_location_01#30,test_family,action,1,0.9703
agnostic_simple,1,heldout_location_01#31,test_family,action,0,0.918
agnostic_simple,1,heldout_location_01#32,test_family,action,1,0.8518
agnostic_simple,1,heldout_location_01#33,test_family,action,0,1.3249
agnostic_simple,1,heldout_location_01#34,test_family,action,1,1.0254
agnostic_simple,1,heldout_location_01#35,test_family,action,1,0.8465
agnostic_simple,1,heldout_location_01#36,test_family,action,0,1.3978
agnostic_simple,1,heldout_location_01#37,test_family,action,0,1.3249
agnostic_simple,1,personality_01#1,test_pers,location,0,1.4289
agnostic_simple,1,personality_01#2,test_pers,location,1,1.141
agnostic_simple,1,personality_01#3,test_pers,location,0,1.0258
agnostic_simple,1,personality_01#4,test_pers,location,0,1.6533
agnostic_simple,1,personality_01#5,test_pers,location,0,1.7241
agnostic_simple,1,personality_01#6,test_pers,location,0,1.5849
agnostic_simple,1,personality_01#7,test_pers,location,1,1.1152
agnostic_simple,1,personality_01#8,test_pers,location,0,1.0352
agnostic_simple,1,personality_01#9,test_pers,location,0,1.3266
agnostic_simple,1,personality_01#10,test_pers,location,0,2.1137
agnostic_simple,1,personality_01#11,test_pers,location,1,0.9385
agnostic_simple,1,personality_01#12,test_pers,location,0,1.6409
agnostic_simple,1,personality_01#13,test_pers,location,0,1.7556
agnostic_simple,1,personality_01#14,test_pers,location,0,1.1515
agnostic_simple,1,personality_01#15,test_pers,location,0,1.8195
agnostic_simple,1,personality_01#16,test_pers,location,0,1.8268
agnostic_simple,1,personality_01#17,test_pers,location,0,1.2587
agnostic_simple,1,personality_01#18,test_pers,location,1,1.1134
agnostic_simple,1,personality_01#19,test_pers,location,1,0.8656
agnostic_simple,1,personality_01#20,test_pers,action,1,0.6239
agnostic_simple,1,personality_01#21,test_pers,action,1,0.8428
agnostic_simple,1,personality_01#22,test_pers,action,0,1.2188
agnostic_simple,1,personality_01#23,test_pers,action,0,1.4339
agnostic_simple,1,personality_01#24,test_pers,action,0,1.187
agnostic_simple,1,personality_01#25,test_pers,action,0,3.4954
agnostic_simple,1,personality_01#26,test_pers,action,1,0.5604
agnostic_simple,1,personality_01#27,test_pers,action,0,1.5034
agnostic_simple,1,personality_01#28,test_pers,action,1,0.9424
agnostic_simple,1,personality_01#29,test_pers,action,1,0.7371
agnostic_simple,1,personality_01#30,test_pers,action,0,1.1636
agnostic_simple,1,personality_01#31,test_pers,action,0,2.1347
agnostic_simple,1,personality_01#32,test_pers,action,1,0.7372
agnostic_simple,1,personality_01#33,test_pers,action,0,1.0196
agnostic_simple,1,personality_01#34,test_pers,action,0,1.5318
agnostic_simple,1,personality_01#35,test_pers,action,1,0.788
agnostic_simple,1,personality_01#36,test_pers,action,1,1.0116
agnostic_simple,1,personality_01#37,test_pers,action,0,1.3797
agnostic_simple,1,personality_01#38,test_pers,action,0,1.4474
agnostic_simple,2,general_01#74,test_iid,action,0,1.5473
agnostic_simple,2,general_01#75,test_iid,location,0,1.3694
agnostic_simple,2,general_01#93,test_iid,action,1,0.9292
agnostic_simple,2,general_01#94,test_iid,action,1,1.188
agnostic_simple,2,general_02#32,test_iid,action,1,0.7173
agnostic_simple,2,general_02#35,test_iid,location,0,1.7277
agnostic_simple,2,general_02#61,test_iid,action,0,1.1976
agnostic_simple,2,general_02#65,test_iid,location,0,1.0407
agnostic_simple,2,general_03#3,test_iid,location,1,1.2168
agnostic_simple,2,general_03#14,test_iid,location,1,1.1088
agnostic_simple,2,general_03#17,test_iid,location,0,1.4297
agnostic_simple,2,general_03#18,test_iid,location,1,0.8946
agnostic_simple,2,general_03#98,test_iid,action,0,1.0291
agnostic_simple,2,general_04#10,test_iid,location,0,1.2478
agnostic_simple,2,general_04#23,test_iid,location,0,0.901
agnostic_simple,2,general_04#29,test_iid,location,0,1.5556
agnostic_simple,2,general_04#52,test_iid,location,1,0.4336
agnostic_simple,2,general_04#57,test_iid,action,1,0.7345
agnostic_simple,2,general_04#85,test_iid,location,1,0.9135
agnostic_simple,2,general_05#36,test_iid,action,0,1.9398
agnostic_simple,2,general_05#94,test_iid,location,1,0.3787
agnostic_simple,2,general_05#99,test_iid,location,1,0.5479
agnostic_simple,2,general_06#11,test_iid,location,1,1.0375
agnostic_simple,2,general_06#28,test_iid,location,0,1.71
agnostic_simple,2,general_06#33,test_iid,action,1,0.9292
agnostic_simple,2,general_06#50,test_iid,location,0,1.8228
agnostic_simple,2,general_06#67,test_iid,location,1,0.5704
agnostic_simple,2,general_06#72,test_iid,location,1,1.0736
agnostic_simple,2,general_06#84,test_iid,location,1,1.42
agnostic_simple,2,general_06#89,test_iid,location,0,2.1148
agnostic_simple,2,general_07#70,test_iid,action,1,0.7345
agnostic_simple,2,general_07#80,test_iid,location,1,1.3782
agnostic_simple,2,general_07#95,test_iid,action,0,1.2214
agnostic_simple,2,general_07#96,test_iid,action,1,0.9172
agnostic_simple,2,general_08#17,test_iid,action,1,0.7257
agnostic_simple,2,general_08#24,test_iid,action,0,1.5473
agnostic_simple,2,general_08#44,test_iid,action,1,0.9807
agnostic_simple,2,general_08#50,test_iid,action,0,1.1483
agnostic_simple,2,general_09#18,test_iid,location,0,1.4472
agnostic_simple,2,general_09#47,test_iid,location,1,1.0657
agnostic_simple,2,general_09#50,test_iid,action,1,1.0159
agnostic_simple,2,general_09#84,test_iid,location,1,0.3623
agnostic_simple,2,general_09#96,test_iid,action,0,1.2434
agnostic_simple,2,general_09#100,test_iid,location,0,2.2071
agnostic_simple,2,general_10#88,test_iid,location,0,1.8874
agnostic_simple,2,general_10#99,test_iid,location,0,0.7052
agnostic_simple,2,general_11#6,test_iid,action,0,0.8884
agnostic_simple,2,general_11#23,test_iid,action,1,0.9045
agnostic_simple,2,general_11#68,test_iid,action,0,1.0636
agnostic_simple,2,general_11#73,test_iid,action,1,0.9411
agnostic_simple,2,general_11#78,test_iid,location,1,0.9743
agnostic_simple,2,general_11#79,test_iid,action,0,1.1585
agnostic_simple,2,general_11#92,test_iid,action,0,1.1703
agnostic_simple,2,general_11#93,test_iid,location,1,1.2617
agnostic_simple,2,general_12#4,test_iid,action,0,1.5473
agnostic_simple,2,general_12#61,test_iid,action,1,0.7701
agnostic_simple,2,general_12#75,test_iid,location,1,0.5906
agnostic_simple,2,general_12#82,test_iid,location,1,0.5192
agnostic_simple,2,general_12#93,test_iid,action,0,1.3784
agnostic_simple,2,general_13#37,test_iid,action,0,1.2434
agnostic_simple,2,general_13#40,test_iid,action,0,1.0986
agnostic_simple,2,general_13#48,test_iid,action,1,0.6937
agnostic_simple,2,general_13#66,test_iid,action,0,1.1887
agnostic_simple,2,general_13#73,test_iid,location,0,1.4449
agnostic_simple,2,general_14#5,test_iid,action,0,1.0906
agnostic_simple,2,general_14#27,test_iid,action,1,0.8961
agnostic_simple,2,general_14#35,test_iid,action,0,1.4661
agnostic_simple,2,general_14#53,test_iid,location,0,1.4657
agnostic_simple,2,general_14#54,test_iid,location,0,2.2795
agnostic_simple,2,general_14#68,test_iid,location,1,0.5574
agnostic_simple,2,general_14#83,test_iid,action,0,1.1703
agnostic_simple,2,general_14#86,test_iid,action,1,0.7179
agnostic_simple,2,general_14#90,test_iid,location,1,0.3202
agnostic_simple,2,general_15#20,test_iid,location,0,0.9911
agnostic_simple,2,general_15#24,test_iid,location,1,1.0455
agnostic_simple,2,general_15#39,test_iid,location,1,0.8499
agnostic_simple,2,general_15#62,test_iid,action,0,1.4668
agnostic_simple,2,general_15#80,test_iid,action,0,0.8966
agnostic_simple,2,general_15#89,test_iid,action,1,0.7701
agnostic_simple,2,heldout_location_01#1,test_family,location,0,1.2609
agnostic_simple,2,heldout_location_01#2,test_family,location,0,0.9238
agnostic_simple,2,heldout_location_01#3,test_family,location,1,0.8183
agnostic_simple,2,heldout_location_01#4,test_family,location,0,1.7978
agnostic_simple,2,heldout_location_01#5,test_family,location,0,1.2804
agnostic_simple,2,heldout_location_01#6,test_family,location,0,1.714
agnostic_simple,2,heldout_location_01#7,test_family,location,0,1.2298
agnostic_simple,2,heldout_location_01#8,test_family,location,0,1.5139
agnostic_simple,2,heldout_location_01#9,test_family,location,1,1.0453
agnostic_simple,2,heldout_location_01#10,test_family,location,0,0.8835
agnostic_simple,2,heldout_location_01#11,test_family,location,0,1.8051
agnostic_simple,2,heldout_location_01#12,test_family,location,0,1.716
agnostic_simple,2,heldout_location_01#13,test_family,location,0,1.2883
agnostic_simple,2,heldout_location_01#14,test_family,location,0,1.2015
agnostic_simple,2,heldout_location_01#15,test_family,location,0,1.2587
agnostic_simple,2,heldout_location_01#16,test_family,location,0,1.0962
agnostic_simple,2,heldout_location_01#17,test_family,location,1,0.8439
agnostic_simple,2,heldout_location_01#18,test_family,location,0,1.6853
agnostic_simple,2,heldout_location_01#19,test_family,location,0,1.2477
agnostic_simple,2,heldout_location_01#20,test_family,action,1,0.8398
agnostic_simple,2,heldout_location_01#21,test_family,action,1,0.8192
agnostic_simple,2,heldout_location_01#22,test_family,action,0,1.3199
agnostic_simple,2,heldout_location_01#23,test_family,action,1,0.9754
agnostic_simple,2,heldout_location_01#24,test_family,action,0,1.3395
agnostic_simple,2,heldout_location_01#25,test_family,action,1,0.8789
agnostic_simple,2,heldout_location_01#26,test_family,action,0,1.6818
agnostic_simple,2,heldout_location_01#27,test_family,action,0,1.0361
agnostic_simple,2,heldout_location_01#28,test_family,action,0,1.165
agnostic_simple,2,heldout_location_01#29,test_family,action,0,1.399
agnostic_simple,2,heldout_location_01#30,test_family,action,1,0.9729
agnostic_simple,2,heldout_location_01#31,test_family,action,0,0.9195
agnostic_simple,2,heldout_location_01#32,test_family,action,1,0.8529
agnostic_simple,2,heldout_location_01#33,test_family,action,0,1.3199
agnostic_simple,2,heldout_location_01#34,test_family,action,1,1.0283
agnostic_simple,2,heldout_location_01#35,test_family,action,1,0.8477
agnostic_simple,2,heldout_location_01#36,test_family,action,0,1.399
agnostic_simple,2,heldout_location_01#37,test_family,action,0,1.3199
agnostic_simple,2,personality_01#1,test_pers,location,0,1.4332
agnostic_simple,2,personality_01#2,test_pers,location,1,1.1369
agnostic_simple,2,personality_01#3,test_pers,location,0,1.0241
agnostic_simple,2,personality_01#4,test_pers,location,0,1.6549
agnostic_simple,2,personality_01#5,test_pers,location,0,1.7293
agnostic_simple,2,personality_01#6,test_pers,location,0,1.5877
agnostic_simple,2,personality_01#7,test_pers,location,1,1.1112
agnostic_simple,2,personality_01#8,test_pers,location,0,1.0352
agnostic_simple,2,personality_01#9,test_pers,location,0,1.3299
agnostic_simple,2,personality_01#10,test_pers,location,0,2.1148
agnostic_simple,2,personality_01#11,test_pers,location,1,0.9344
agnostic_simple,2,personality_01#12,test_pers,location,0,1.6472
agnostic_simple,2,personality_01#13,test_pers,location,0,1.7593
agnostic_simple,2,personality_01#14,test_pers,location,0,1.154
agnostic_simple,2,personality_01#15,test_pers,location,0,1.8193
agnostic_simple,2,personality_01#16,test_pers,location,0,1.8289
agnostic_simple,2,personality_01#17,test_pers,location,0,1.2594
agnostic_simple,2,personality_01#18,test_pers,location,1,1.1094
agnostic_simple,2,personality_01#19,test_pers,location,1,0.8636
agnostic_simple,2,personality_01#20,test_pers,action,1,0.6291
agnostic_simple,2,personality_01#21,test_pers,action,1,0.8412
agnostic_simple,2,personality_01#22,test_pers,action,0,1.2214
agnostic_simple,2,personality_01#23,test_pers,action,0,1.4345
agnostic_simple,2,personality_01#24,test_pers,action,0,1.1804
agnostic_simple,2,personality_01#25,test_pers,action,0,3.4971
agnostic_simple,2,personality_01#26,test_pers,action,1,0.5585
agnostic_simple,2,personality_01#27,test_pers,action,0,1.512
agnostic_simple,2,personality_01#28,test_pers,action,1,0.9411
agnostic_simple,2,personality_01#29,test_pers,action,1,0.7345
agnostic_simple,2,personality_01#30,test_pers,action,0,1.1586
agnostic_simple,2,personality_01#31,test_pers,action,0,2.1445
agnostic_simple,2,personality_01#32,test_pers,action,1,0.7344
agnostic_simple,2,personality_01#33,test_pers,action,0,1.0186
agnostic_simple,2,personality_01#34,test_pers,action,0,1.5353
agnostic_simple,2,personality_01#35,test_pers,action,1,0.7855
agnostic_simple,2,personality_01#36,test_pers,action,1,1.0159
agnostic_simple,2,personality_01#37,test_pers,action,0,1.3762
agnostic_simple,2,personality_01#38,test_pers,action,0,1.4557
agnostic_simple,3,general_01#74,test_iid,action,0,1.5416
agnostic_simple,3,general_01#75,test_iid,location,0,1.3754
agnostic_simple,3,general_01#93,test_iid,action,1,0.9318
agnostic_simple,3,general_01#94,test_iid,action,1,1.185
agnostic_simple,3,general_02#32,test_iid,action,1,0.7212
agnostic_simple,3,general_02#35,test_iid,location,0,1.7225
agnostic_simple,3,general_02#61,test_iid,action,0,1.2033
agnostic_simple,3,general_02#65,test_iid,location,0,1.0373
agnostic_simple,3,general_03#3,test_iid,location,1,1.212
agnostic_simple,3,general_03#14,test_iid,location,1,1.1082
agnostic_simple,3,general_03#17,test_iid,location,0,1.4358
agnostic_simple,3,general_03#18,test_iid,location,1,0.8895
agnostic_simple,3,general_03#98,test_iid,action,0,1.0248
agnostic_simple,3,general_04#10,test_iid,location,0,1.2462
agnostic_simple,3,general_04#23,test_iid,location,0,0.9062
agnostic_simple,3,general_04#29,test_iid,location,0,1.5514
agnostic_simple,3,general_04#52,test_iid,location,1,0.4311
agnostic_simple,3,general_04#57,test_iid,action,1,0.7385
agnostic_simple,3,general_04#85,test_iid,location,1,0.9138
agnostic_simple,3,general_05#36,test_iid,action,0,1.9454
agnostic_simple,3,general_05#94,test_iid,location,1,0.3762
agnostic_simple,3,general_05#99,test_iid,location,1,0.5431
agnostic_simple,3,general_06#11,test_iid,location,1,1.0352
agnostic_simple,3,general_06#28,test_iid,location,0,1.7132
agnostic_simple,3,general_06#33,test_iid,action,1,0.9318
agnostic_simple,3,general_06#50,test_iid,location,0,1.8297
agnostic_simple,3,general_06#67,test_iid,location,1,0.5647
agnostic_simple,3,general_06#72,test_iid,location,1,1.07
agnostic_simple,3,general_06#84,test_iid,location,1,1.417
agnostic_simple,3,general_06#89,test_iid,location,0,2.1224
agnostic_simple,3,general_07#70,test_iid,action,1,0.7385
agnostic_simple,3,general_07#80,test_iid,location,1,1.3755
agnostic_simple,3,general_07#95,test_iid,action,0,1.2171
agnostic_simple,3,general_07#96,test_iid,action,1,0.9198
agnostic_simple,3,general_08#17,test_iid,action,1,0.7265
agnostic_simple,3,general_08#24,test_iid,action,0,1.5416
agnostic_simple,3,general_08#44,test_iid,action,1,0.9833
agnostic_simple,3,general_08#50,test_iid,action,0,1.1438
agnostic_simple,3,general_09#18,test_iid,location,0,1.4434
agnostic_simple,3,general_09#47,test_iid,location,1,1.062
agnostic_simple,3,general_09#50,test_iid,action,1,1.0113
agnostic_simple,3,general_09#84,test_iid,location,1,0.3597
agnostic_simple,3,general_09#96,test_iid,action,0,1.2457
agnostic_simple,3,general_09#100,test_iid,location,0,2.2128
agnostic_simple,3,general_10#88,test_iid,location,0,1.8922
agnostic_simple,3,general_10#99,test_iid,location,0,0.7031
agnostic_simple,3,general_11#6,test_iid,action,0,0.8852
agnostic_simple,3,general_11#23,test_iid,action,1,0.9042
agnostic_simple,3,general_11#68,test_iid,action,0,1.0601
agnostic_simple,3,general_11#73,test_iid,action,1,0.9421
agnostic_simple,3,general_11#78,test_iid,location,1,0.9717
agnostic_simple,3,general_11#79,test_iid,action,0,1.164
agnostic_simple,3,general_11#92,test_iid,action,0,1.1709
agnostic_simple,3,general_11#93,test_iid,location,1,1.2597
agnostic_simple,3,general_12#4,test_iid,action,0,1.5416
agnostic_simple,3,general_12#61,test_iid,action,1,0.771
agnostic_simple,3,general_12#75,test_iid,location,1,0.5904
agnostic_simple,3,general_12#82,test_iid,location,1,0.5189
agnostic_simple,3,general_12#93,test_iid,action,0,1.3736
agnostic_simple,3,general_13#37,test_iid,action,0,1.2457
agnostic_simple,3,general_13#40,test_iid,action,0,1.1013
agnostic_simple,3,general_13#48,test_iid,action,1,0.6945
agnostic_simple,3,general_13#66,test_iid,action,0,1.1848
agnostic_simple,3,general_13#73,test_iid,location,0,1.4434
agnostic_simple,3,general_14#5,test_iid,action,0,1.0905
agnostic_simple,3,general_14#27,test_iid,action,1,0.8988
agnostic_simple,3,general_14#35,test_iid,action,0,1.4684
agnostic_simple,3,general_14#53,test_iid,location,0,1.4718
agnostic_simple,3,general_14#54,test_iid,location,0,2.2857
agnostic_simple,3,general_14#68,test_iid,location,1,0.5574
agnostic_simple,3,general_14#83,test_iid,action,0,1.1709
agnostic_simple,3,general_14#86,test_iid,action,1,0.7185
agnostic_simple,3,general_14#90,test_iid,location,1,0.3181
agnostic_simple,3,general_15#20,test_iid,location,0,0.9959
agnostic_simple,3,general_15#24,test_iid,location,1,1.0389
agnostic_simple,3,general_15#39,test_iid,location,1,0.8452
agnostic_simple,3,general_15#62,test_iid,action,0,1.4719
agnostic_simple,3,general_15#80,test_iid,action,0,0.8973
agnostic_simple,3,general_15#89,test_iid,action,1,0.771
agnostic_simple,3,heldout_location_01#1,test_family,location,0,1.2602
agnostic_simple,3,heldout_location_01#2,test_family,location,0,0.9204
agnostic_simple,3,heldout_location_01#3,test_family,location,1,0.815
agnostic_simple,3,heldout_location_01#4,test_family,location,0,1.8027
agnostic_simple,3,heldout_location_01#5,test_family,location,0,1.2852
agnostic_simple,3,heldout_location_01#6,test_family,location,0,1.7223
agnostic_simple,3,heldout_location_01#7,test_family,location,0,1.2326
agnostic_simple,3,heldout_location_01#8,test_family,location,0,1.515
agnostic_simple,3,heldout_location_01#9,test_family,location,1,1.04
agnostic_simple,3,heldout_location_01#10,test_family,location,0,0.8853
agnostic_simple,3,heldout_location_01#11,test_family,location,0,1.8129
agnostic_simple,3,heldout_location_01#12,test_family,location,0,1.7212
agnostic_simple,3,heldout_location_01#13,test_family,location,0,1.2878
agnostic_simple,3,heldout_location_01#14,test_family,location,0,1.2001
agnostic_simple,3,heldout_location_01#15,test_family,location,0,1.2582
agnostic_simple,3,heldout_location_01#16,test_family,location,0,1.0943
agnostic_simple,3,heldout_location_01#17,test_family,location,1,0.8403
agnostic_simple,3,heldout_location_01#18,test_family,location,0,1.6805
agnostic_simple,3,heldout_location_01#19,test_family,location,0,1.251
agnostic_simple,3,heldout_location_01#20,test_family,action,1,0.8356
agnostic_simple,3,heldout_location_01#21,test_family,action,1,0.8204
agnostic_simple,3,heldout_location_01#22,test_family,action,0,1.3236
agnostic_simple,3,heldout_location_01#23,test_family,action,1,0.9767
agnostic_simple,3,heldout_location_01#24,test_family,action,0,1.3428
agnostic_simple,3,heldout_location_01#25,test_family,action,1,0.8747
agnostic_simple,3,heldout_location_01#26,test_family,action,0,1.6853
agnostic_simple,3,heldout_location_01#27,test_family,action,0,1.0314
agnostic_simple,3,heldout_location_01#28,test_family,action,0,1.1688
agnostic_simple,3,heldout_location_01#29,test_family,action,0,1.3929
agnostic_simple,3,heldout_location_01#30,test_family,action,1,0.9747
agnostic_simple,3,heldout_location_01#31,test_family,action,0,0.9222
agnostic_simple,3,heldout_location_01#32,test_family,action,1,0.8489
agnostic_simple,3,heldout_location_01#33,test_family,action,0,1.3236
agnostic_simple,3,heldout_location_01#34,test_family,action,1,1.0297
agnostic_simple,3,heldout_location_01#35,test_family,action,1,0.8436
agnostic_simple,3,heldout_location_01#36,test_family,action,0,1.3929
agnostic_simple,3,heldout_location_01#37,test_family,action,0,1.3236
agnostic_simple,3,personality_01#1,test_pers,location,0,1.4371
agnostic_simple,3,personality_01#2,test_pers,location,1,1.1353
agnostic_simple,3,personality_01#3,test_pers,location,0,1.0227
agnostic_simple,3,personality_01#4,test_pers,location,0,1.6624
agnostic_simple,3,personality_01#5,test_pers,location,0,1.7357
agnostic_simple,3,personality_01#6,test_pers,location,0,1.5933
agnostic_simple,3,personality_01#7,test_pers,location,1,1.1106
agnostic_simple,3,personality_01#8,test_pers,location,0,1.0386
agnostic_simple,3,personality_01#9,test_pers,location,0,1.3297
agnostic_simple,3,personality_01#10,test_pers,location,0,2.1224
agnostic_simple,3,personality_01#11,test_pers,location,1,0.935
agnostic_simple,3,personality_01#12,test_pers,location,0,1.6502
agnostic_simple,3,personality_01#13,test_pers,location,0,1.7657
agnostic_simple,3,personality_01#14,test_pers,location,0,1.1507
agnostic_simple,3,personality_01#15,test_pers,location,0,1.8253
agnostic_simple,3,personality_01#16,test_pers,location,0,1.8249
agnostic_simple,3,personality_01#17,test_pers,location,0,1.2659
agnostic_simple,3,personality_01#18,test_pers,location,1,1.1088
agnostic_simple,3,personality_01#19,test_pers,location,1,0.8573
agnostic_simple,3,personality_01#20,test_pers,action,1,0.6259
agnostic_simple,3,personality_01#21,test_pers,action,1,0.8439
agnostic_simple,3,personality_01#22,test_pers,action,0,1.2171
agnostic_simple,3,personality_01#23,test_pers,action,0,1.4315
agnostic_simple,3,personality_01#24,test_pers,action,0,1.1865
agnostic_simple,3,personality_01#25,test_pers,action,0,3.4975
agnostic_simple,3,personality_01#26,test_pers,action,1,0.559
agnostic_simple,3,personality_01#27,test_pers,action,0,1.5072
agnostic_simple,3,personality_01#28,test_pers,action,1,0.9421
agnostic_simple,3,personality_01#29,test_pers,action,1,0.7385
agnostic_simple,3,personality_01#30,test_pers,action,0,1.1639
agnostic_simple,3,personality_01#31,test_pers,action,0,2.1321
agnostic_simple,3,personality_01#32,test_pers,action,1,0.7353
agnostic_simple,3,personality_01#33,test_pers,action,0,1.0211
agnostic_simple,3,personality_01#34,test_pers,action,0,1.5297
agnostic_simple,3,personality_01#35,test_pers,action,1,0.7895
agnostic_simple,3,personality_01#36,test_pers,action,1,1.0113
agnostic_simple,3,personality_01#37,test_pers,action,0,1.3809
agnostic_simple,3,personality_01#38,test_pers,action,0,1.4509
agnostic_simple,4,general_01#74,test_iid,action,0,1.5439
agnostic_simple,4,general_01#75,test_iid,location,0,1.3663
agnostic_simple,4,general_01#93,test_iid,action,1,0.93
agnostic_simple,4,general_01#94,test_iid,action,1,1.1869
agnostic_simple,4,general_02#32,test_iid,action,1,0.7183
agnostic_simple,4,general_02#35,test_iid,location,0,1.7271
agnostic_simple,4,general_02#61,test_iid,action,0,1.1988
agnostic_simple,4,general_02#65,test_iid,location,0,1.0402
agnostic_simple,4,general_03#3,test_iid,location,1,1.2173
agnostic_simple,4,general_03#14,test_iid,location,1,1.1102
agnostic_simple,4,general_03#17,test_iid,location,0,1.4275
agnostic_simple,4,general_03#18,test_iid,location,1,0.897
agnostic_simple,4,general_03#98,test_iid,action,0,1.0282
agnostic_simple,4,general_04#10,test_iid,location,0,1.246
agnostic_simple,4,general_04#23,test_iid,location,0,0.9003
agnostic_simple,4,general_04#29,test_iid,location,0,1.5544
agnostic_simple,4,general_04#52,test_iid,location,1,0.4353
agnostic_simple,4,general_04#57,test_iid,action,1,0.7356
agnostic_simple,4,general_04#85,test_iid,location,1,0.9133
agnostic_simple,4,general_05#36,test_iid,action,0,1.9401
agnostic_simple,4,general_05#94,test_iid,location,1,0.3807
agnostic_simple,4,general_05#99,test_iid,location,1,0.5509
agnostic_simple,4,general_06#11,test_iid,location,1,1.0399
agnostic_simple,4,general_06#28,test_iid,location,0,1.708
agnostic_simple,4,general_06#33,test_iid,action,1,0.93
agnostic_simple,4,general_06#50,test_iid,location,0,1.8187
agnostic_simple,4,general_06#67,test_iid,location,1,0.5702
agnostic_simple,4,general_06#72,test_iid,location,1,1.0732
agnostic_simple,4,general_06#84,test_iid,location,1,1.422
agnostic_simple,4,general_06#89,test_iid,location,0,2.1112
agnostic_simple,4,general_07#70,test_iid,action,1,0.7356
agnostic_simple,4,general_07#80,test_iid,location,1,1.3801
agnostic_simple,4,general_07#95,test_iid,action,0,1.2199
agnostic_simple,4,general_07#96,test_iid,action,1,0.918
agnostic_simple,4,general_08#17,test_iid,action,1,0.7267
agnostic_simple,4,general_08#24,test_iid,action,0,1.5439
agnostic_simple,4,general_08#44,test_iid,action,1,0.9816
agnostic_simple,4,general_08#50,test_iid,action,0,1.1473
agnostic_simple,4,general_09#18,test_iid,location,0,1.4456
agnostic_simple,4,general_09#47,test_iid,location,1,1.0671
agnostic_simple,4,general_09#50,test_iid,action,1,1.0149
agnostic_simple,4,general_09#84,test_iid,location,1,0.3623
agnostic_simple,4,general_09#96,test_iid,action,0,1.2437
agnostic_simple,4,general_09#100,test_iid,location,0,2.2087
agnostic_simple,4,general_10#88,test_iid,location,0,1.8843
agnostic_simple,4,general_10#99,test_iid,location,0,0.7066
agnostic_simple,4,general_11#6,test_iid,action,0,0.8882
agnostic_simple,4,general_11#23,test_iid,action,1,0.9046
agnostic_simple,4,general_11#68,test_iid,action,0,1.0635
agnostic_simple,4,general_11#73,test_iid,action,1,0.9416
agnostic_simple,4,general_11#78,test_iid,location,1,0.9774
agnostic_simple,4,general_11#79,test_iid,action,0,1.1596
agnostic_simple,4,general_11#92,test_iid,action,0,1.1705
agnostic_simple,4,general_11#93,test_iid,location,1,1.2637
agnostic_simple,4,general_12#4,test_iid,action,0,1.5439
agnostic_simple,4,general_12#61,test_iid,action,1,0.77
agnostic_simple,4,general_12#75,test_iid,location,1,0.5894
agnostic_simple,4,general_12#82,test_iid,location,1,0.5193
agnostic_simple,4,general_12#93,test_iid,action,0,1.3774
agnostic_simple,4,general_13#37,test_iid,action,0,1.2437
agnostic_simple,4,general_13#40,test_iid,action,0,1.0995
agnostic_simple,4,general_13#48,test_iid,action,1,0.6935
agnostic_simple,4,general_13#66,test_iid,action,0,1.1875
agnostic_simple,4,general_13#73,test_iid,location,0,1.4457
agnostic_simple,4,general_14#5,test_iid,action,0,1.0906
agnostic_simple,4,general_14#27,test_iid,action,1,0.8972
agnostic_simple,4,general_14#35,test_iid,action,0,1.4664
agnostic_simple,4,general_14#53,test_iid,location,0,1.4626
agnostic_simple,4,general_14#54,test_iid,location,0,2.2766
agnostic_simple,4,general_14#68,test_iid,location,1,0.5559
agnostic_simple,4,general_14#83,test_iid,action,0,1.1705
agnostic_simple,4,general_14#86,test_iid,action,1,0.7177
agnostic_simple,4,general_14#90,test_iid,location,1,0.3213
agnostic_simple,4,general_15#20,test_iid,location,0,0.9884
agnostic_simple,4,general_15#24,test_iid,location,1,1.0499
agnostic_simple,4,general_15#39,test_iid,location,1,0.8519
agnostic_simple,4,general_15#62,test_iid,action,0,1.4679
agnostic_simple,4,general_15#80,test_iid,action,0,0.8961
agnostic_simple,4,general_15#89,test_iid,action,1,0.77
agnostic_simple,4,heldout_location_01#1,test_family,location,0,1.262
agnostic_simple,4,heldout_location_01#2,test_family,location,0,0.925
agnostic_simple,4,heldout_location_01#3,test_family,location,1,0.8201
agnostic_simple,4,heldout_location_01#4,test_family,location,0,1.7987
agnostic_simple,4,heldout_location_01#5,test_family,location,0,1.279
agnostic_simple,4,heldout_location_01#6,test_family,location,0,1.7111
agnostic_simple,4,heldout_location_01#7,test_family,location,0,1.2286
agnostic_simple,4,heldout_location_01#8,test_family,location,0,1.5133
agnostic_simple,4,heldout_location_01#9,test_family,location,1,1.0477
agnostic_simple,4,heldout_location_01#10,test_family,location,0,0.8829
agnostic_simple,4,heldout_location_01#11,test_family,location,0,1.8008
agnostic_simple,4,heldout_location_01#12,test_family,location,0,1.7147
agnostic_simple,4,heldout_location_01#13,test_family,location,0,1.2897
agnostic_simple,4,heldout_location_01#14,test_family,location,0,1.2031
agnostic_simple,4,heldout_location_01#15,test_family,location,0,1.2605
agnostic_simple,4,heldout_location_01#16,test_family,location,0,1.0946
agnostic_simple,4,heldout_location_01#17,test_family,location,1,0.8468
agnostic_simple,4,heldout_location_01#18,test_family,location,0,1.6881
agnostic_simple,4,heldout_location_01#19,test_family,location,0,1.247
agnostic_simple,4,heldout_location_01#20,test_family,action,1,0.8387
agnostic_simple,4,heldout_location_01#21,test_family,action,1,0.8202
agnostic_simple,4,heldout_location_01#22,test_family,action,0,1.3203
agnostic_simple,4,heldout_location_01#23,test_family,action,1,0.9763
agnostic_simple,4,heldout_location_01#24,test_family,action,0,1.3397
agnostic_simple,4,heldout_location_01#25,test_family,action,1,0.8776
agnostic_simple,4,heldout_location_01#26,test_family,action,0,1.6816
agnostic_simple,4,heldout_location_01#27,test_family,action,0,1.0346
agnostic_simple,4,heldout_location_01#28,test_family,action,0,1.1658
agnostic_simple,4,heldout_location_01#29,test_family,action,0,1.3966
agnostic_simple,4,heldout_location_01#30,test_family,action,1,0.9739
agnostic_simple,4,heldout_location_01#31,test_family,action,0,0.9209
agnostic_simple,4,heldout_location_01#32,test_family,action,1,0.8518
agnostic_simple,4,heldout_location_01#33,test_family,action,0,1.3203
agnostic_simple,4,heldout_location_01#34,test_family,action,1,1.0291
agnostic_simple,4,heldout_location_01#35,test_family,action,1,0.8466
agnostic_simple,4,heldout_location_01#36,test_family,action,0,1.3966
agnostic_simple,4,heldout_location_01#37,test_family,action,0,1.3203
agnostic_simple,4,personality_01#1,test_pers,location,0,1.4314
agnostic_simple,4,personality_01#2,test_pers,location,1,1.1387
agnostic_simple,4,personality_01#3,test_pers,location,0,1.0261
agnostic_simple,4,personality_01#4,test_pers,location,0,1.6515
agnostic_simple,4,personality_01#5,test_pers,location,0,1.7255
agnostic_simple,4,personality_01#6,test_pers,location,0,1.584
agnostic_simple,4,personality_01#7,test_pers,location,1,1.1126
agnostic_simple,4,personality_01#8,test_pers,location,0,1.0335
agnostic_simple,4,personality_01#9,test_pers,location,0,1.33
agnostic_simple,4,personality_01#10,test_pers,location,0,2.1112
agnostic_simple,4,personality_01#11,test_pers,location,1,0.9356
agnostic_simple,4,personality_01#12,test_pers,location,0,1.6459
agnostic_simple,4,personality_01#13,test_pers,location,0,1.7561
agnostic_simple,4,personality_01#14,test_pers,location,0,1.1552
agnostic_simple,4,personality_01#15,test_pers,location,0,1.8179
agnostic_simple,4,personality_01#16,test_pers,location,0,1.8301
agnostic_simple,4,personality_01#17,test_pers,location,0,1.2572
agnostic_simple,4,personality_01#18,test_pers,location,1,1.1109
agnostic_simple,4,personality_01#19,test_pers,location,1,0.8666
agnostic_simple,4,personality_01#20,test_pers,action,1,0.6288
agnostic_simple,4,personality_01#21,test_pers,action,1,0.8424
agnostic_simple,4,personality_01#22,test_pers,action,0,1.2199
agnostic_simple,4,personality_01#23,test_pers,action,0,1.4326
agnostic_simple,4,personality_01#24,test_pers,action,0,1.1821
agnostic_simple,4,personality_01#25,test_pers,action,0,3.4959
agnostic_simple,4,personality_01#26,test_pers,action,1,0.5585
agnostic_simple,4,personality_01#27,test_pers,action,0,1.5091
agnostic_simple,4,personality_01#28,test_pers,action,1,0.9416
agnostic_simple,4,personality_01#29,test_pers,action,1,0.7356
agnostic_simple,4,personality_01#30,test_pers,action,0,1.1595
agnostic_simple,4,personality_01#31,test_pers,action,0,2.143
agnostic_simple,4,personality_01#32,test_pers,action,1,0.7342
agnostic_simple,4,personality_01#33,test_pers,action,0,1.0195
agnostic_simple,4,personality_01#34,test_pers,action,0,1.5328
agnostic_simple,4,personality_01#35,test_pers,action,1,0.7865
agnostic_simple,4,personality_01#36,test_pers,action,1,1.0149
agnostic_simple,4,personality_01#37,test_pers,action,0,1.3773
agnostic_simple,4,personality_01#38,test_pers,action,0,1.453
nonlinear,2,general_01#74,test_iid,action,1,0.2044
nonlinear,2,general_01#75,test_iid,location,1,0.0152
nonlinear,2,general_01#93,test_iid,action,1,0.4372
nonlinear,2,general_01#94,test_iid,action,1,0.0042
nonlinear,2,general_02#32,test_iid,action,1,0.3975
nonlinear,2,general_02#35,test_iid,location,1,0.0733
nonlinear,2,general_02#61,test_iid,action,1,0.0896
nonlinear,2,general_02#65,test_iid,location,1,0.4135
nonlinear,2,general_03#3,test_iid,location,1,0.0006
nonlinear,2,general_03#14,test_iid,location,1,0.0891
nonlinear,2,general_03#17,test_iid,location,1,0.7862
nonlinear,2,general_03#18,test_iid,location,1,0.0034
nonlinear,2,general_03#98,test_iid,action,1,0.0349
nonlinear,2,general_04#10,test_iid,location,1,0.0787
nonlinear,2,general_04#23,test_iid,location,0,1.216
nonlinear,2,general_04#29,test_iid,location,1,0.6691
nonlinear,2,general_04#52,test_iid,location,1,0.0006
nonlinear,2,general_04#57,test_iid,action,1,0.0154
nonlinear,2,general_04#85,test_iid,location,0,6.6626
nonlinear,2,general_05#36,test_iid,action,1,0.0021
nonlinear,2,general_05#94,test_iid,location,0,5.5771
nonlinear,2,general_05#99,test_iid,location,1,0.0002
nonlinear,2,general_06#11,test_iid,location,1,0.1077
nonlinear,2,general_06#28,test_iid,location,1,0.0468
nonlinear,2,general_06#33,test_iid,action,0,2.2195
nonlinear,2,general_06#50,test_iid,location,1,0.585
nonlinear,2,general_06#67,test_iid,location,1,0.0006
nonlinear,2,general_06#72,test_iid,location,1,0.0001
nonlinear,2,general_06#84,test_iid,location,1,0.1174
nonlinear,2,general_06#89,test_iid,location,1,0.0018
nonlinear,2,general_07#70,test_iid,action,1,0.2055
nonlinear,2,general_07#80,test_iid,location,0,1.7063
nonlinear,2,general_07#95,test_iid,action,1,0.179
nonlinear,2,general_07#96,test_iid,action,0,1.7769
nonlinear,2,general_08#17,test_iid,action,1,0.2823
nonlinear,2,general_08#24,test_iid,action,1,0.0721
nonlinear,2,general_08#44,test_iid,action,1,0.4341
nonlinear,2,general_08#50,test_iid,action,0,1.045
nonlinear,2,general_09#18,test_iid,location,1,0.213
nonlinear,2,general_09#47,test_iid,location,1,0.3894
nonlinear,2,general_09#50,test_iid,action,1,0.0514
nonlinear,2,general_09#84,test_iid,location,1,0.3128
nonlinear,2,general_09#96,test_iid,action,1,0.2768
nonlinear,2,general_09#100,test_iid,location,1,0.1402
nonlinear,2,general_10#88,test_iid,location,1,0.2113
nonlinear,2,general_10#99,test_iid,location,1,0.0054
nonlinear,2,general_11#6,test_iid,action,1,0.0045
nonlinear,2,general_11#23,test_iid,action,1,0.2737
nonlinear,2,general_11#68,test_iid,action,1,0.5931
nonlinear,2,general_11#73,test_iid,action,1,0.229
nonlinear,2,general_11#78,test_iid,location,1,0.1589
nonlinear,2,general_11#79,test_iid,action,1,0.5604
nonlinear,2,general_11#92,test_iid,action,1,0.4493
nonlinear,2,general_11#93,test_iid,location,1,0.1481
nonlinear,2,general_12#4,test_iid,action,0,0.8242
nonlinear,2,general_12#61,test_iid,action,0,1.8764
nonlinear,2,general_12#75,test_iid,location,1,0.0048
nonlinear,2,general_12#82,test_iid,location,1,0.0922
nonlinear,2,general_12#93,test_iid,action,1,0.4274
nonlinear,2,general_13#37,test_iid,action,0,2.0786
nonlinear,2,general_13#40,test_iid,action,0,1.5631
nonlinear,2,general_13#48,test_iid,action,1,0.2029
nonlinear,2,general_13#66,test_iid,action,1,0.0485
nonlinear,2,general_13#73,test_iid,location,1,0.0359
nonlinear,2,general_14#5,test_iid,action,0,2.063
nonlinear,2,general_14#27,test_iid,action,0,0.7231
nonlinear,2,general_14#35,test_iid,action,0,2.4805
nonlinear,2,general_14#53,test_iid,location,0,2.6892
nonlinear,2,general_14#54,test_iid,location,1,0.574
nonlinear,2,general_14#68,test_iid,location,1,0.0976
nonlinear,2,general_14#83,test_iid,action,0,1.406
nonlinear,2,general_14#86,test_iid,action,1,0.0417
nonlinear,2,general_14#90,test_iid,location,1,0.0
nonlinear,2,general_15#20,test_iid,location,0,1.7897
nonlinear,2,general_15#24,test_iid,location,1,0.0008
nonlinear,2,general_15#39,test_iid,location,1,0.0002
nonlinear,2,general_15#62,test_iid,action,0,1.4371
nonlinear,2,general_15#80,test_iid,action,1,0.1257
nonlinear,2,general_15#89,test_iid,action,1,0.0099
nonlinear,2,heldout_location_01#1,test_family,location,1,0.0066
nonlinear,2,heldout_location_01#2,test_family,location,0,4.2766
nonlinear,2,heldout_location_01#3,test_family,location,1,0.0089
nonlinear,2,heldout_location_01#4,test_family,location,1,0.0005
nonlinear,2,heldout_location_01#5,test_family,location,0,0.9982
nonlinear,2,heldout_location_01#6,test_family,location,1,0.0002
nonlinear,2,heldout_location_01#7,test_family,location,0,1.7199
nonlinear,2,heldout_location_01#8,test_family,location,0,2.2345
nonlinear,2,heldout_location_01#9,test_family,location,1,0.0007
nonlinear,2,heldout_location_01#10,test_family,location,0,1.8399
nonlinear,2,heldout_location_01#11,test_family,location,1,0.0252
nonlinear,2,heldout_location_01#12,test_family,location,1,0.0356
nonlinear,2,heldout_location_01#13,test_family,location,0,4.2093
nonlinear,2,heldout_location_01#14,test_family,location,1,0.4396
nonlinear,2,heldout_location_01#15,test_family,location,1,0.353
nonlinear,2,heldout_location_01#16,test_family,location,0,1.3575
nonlinear,2,heldout_location_01#17,test_family,location,1,0.0001
nonlinear,2,heldout_location_01#18,test_family,location,1,0.0002
nonlinear,2,heldout_location_01#19,test_family,location,0,2.9419
nonlinear,2,heldout_location_01#20,test_family,action,0,6.3294
nonlinear,2,heldout_location_01#21,test_family,action,1,0.0091
nonlinear,2,heldout_location_01#22,test_family,action,1,0.0117
nonlinear,2,heldout_location_01#23,test_family,action,1,0.0207
nonlinear,2,heldout_location_01#24,test_family,action,1,0.0045
nonlinear,2,heldout_location_01#25,test_family,action,0,8.5865
nonlinear,2,heldout_location_01#26,test_family,action,1,0.0
nonlinear,2,heldout_location_01#27,test_family,action,0,2.284
nonlinear,2,heldout_location_01#28,test_family,action,1,0.0066
nonlinear,2,heldout_location_01#29,test_family,action,0,6.9365
nonlinear,2,heldout_location_01#30,test_family,action,1,0.0196
nonlinear,2,heldout_location_01#31,test_family,action,0,3.5939
nonlinear,2,heldout_location_01#32,test_family,action,0,1.298
nonlinear,2,heldout_location_01#33,test_family,action,1,0.0936
nonlinear,2,heldout_location_01#34,test_family,action,1,0.0003
nonlinear,2,heldout_location_01#35,test_family,action,0,0.7932
nonlinear,2,heldout_location_01#36,test_family,action,0,1.7526
nonlinear,2,heldout_location_01#37,test_family,action,1,0.0043
nonlinear,2,personality_01#1,test_pers,location,1,0.1471
nonlinear,2,personality_01#2,test_pers,location,0,1.3
nonlinear,2,personality_01#3,test_pers,location,0,6.367
nonlinear,2,personality_01#4,test_pers,location,1,0.0425
nonlinear,2,personality_01#5,test_pers,location,0,5.661
nonlinear,2,personality_01#6,test_pers,location,0,1.3608
nonlinear,2,personality_01#7,test_pers,location,0,4.6237
nonlinear,2,personality_01#8,test_pers,location,1,0.4855
nonlinear,2,personality_01#9,test_pers,location,1,0.0023
nonlinear,2,personality_01#10,test_pers,location,1,0.1485
nonlinear,2,personality_01#11,test_pers,location,0,3.0667
nonlinear,2,personality_01#12,test_pers,location,1,0.0008
nonlinear,2,personality_01#13,test_pers,location,1,0.0071
nonlinear,2,personality_01#14,test_pers,location,1,0.0486
nonlinear,2,personality_01#15,test_pers,location,0,0.9772
nonlinear,2,personality_01#16,test_pers,location,1,0.004
nonlinear,2,personality_01#17,test_pers,location,1,0.0562
nonlinear,2,personality_01#18,test_pers,location,0,2.9954
nonlinear,2,personality_01#19,test_pers,location,0,0.8119
nonlinear,2,personality_01#20,test_pers,action,1,0.0004
nonlinear,2,personality_01#21,test_pers,action,1,0.0337
nonlinear,2,personality_01#22,test_pers,action,1,0.0477
nonlinear,2,personality_01#23,test_pers,action,1,0.0
nonlinear,2,personality_01#24,test_pers,action,1,0.0002
nonlinear,2,personality_01#25,test_pers,action,0,9.4692
nonlinear,2,personality_01#26,test_pers,action,1,0.0001
nonlinear,2,personality_01#27,test_pers,action,1,0.0001
nonlinear,2,personality_01#28,test_pers,action,0,1.6547
nonlinear,2,personality_01#29,test_pers,action,1,0.2197
nonlinear,2,personality_01#30,test_pers,action,1,0.0018
nonlinear,2,personality_01#31,test_pers,action,0,1.6178
nonlinear,2,personality_01#32,test_pers,action,0,2.0344
nonlinear,2,personality_01#33,test_pers,action,1,0.1256
nonlinear,2,personality_01#34,test_pers,action,1,0.4068
nonlinear,2,personality_01#35,test_pers,action,0,1.6042
nonlinear,2,personality_01#36,test_pers,action,1,0.0975
nonlinear,2,personality_01#37,test_pers,action,0,1.1976
nonlinear,2,personality_01#38,test_pers,action,0,6.2552
nonlinear,3,general_01#74,test_iid,action,1,0.4282
nonlinear,3,general_01#75,test_iid,location,1,0.014
nonlinear,3,general_01#93,test_iid,action,1,0.5873
nonlinear,3,general_01#94,test_iid,action,1,0.0065
nonlinear,3,general_02#32,test_iid,action,1,0.3705
nonlinear,3,general_02#35,test_iid,location,1,0.0831
nonlinear,3,general_02#61,test_iid,action,1,0.1034
nonlinear,3,general_02#65,test_iid,location,1,0.5518
nonlinear,3,general_03#3,test_iid,location,1,0.0003
nonlinear,3,general_03#14,test_iid,location,1,0.0658
nonlinear,3,general_03#17,test_iid,location,1,0.7478
nonlinear,3,general_03#18,test_iid,location,1,0.0082
nonlinear,3,general_03#98,test_iid,action,1,0.0959
nonlinear,3,general_04#10,test_iid,location,1,0.0793
nonlinear,3,general_04#23,test_iid,location,0,1.0375
nonlinear,3,general_04#29,test_iid,location,1,0.7915
nonlinear,3,general_04#52,test_iid,location,1,0.0004
nonlinear,3,general_04#57,test_iid,action,1,0.0179
nonlinear,3,general_04#85,test_iid,location,0,4.6793
nonlinear,3,general_05#36,test_iid,action,1,0.006
nonlinear,3,general_05#94,test_iid,location,0,5.443
nonlinear,3,general_05#99,test_iid,location,1,0.0001
nonlinear,3,general_06#11,test_iid,location,1,0.0488
nonlinear,3,general_06#28,test_iid,location,1,0.0455
nonlinear,3,general_06#33,test_iid,action,0,2.7664
nonlinear,3,general_06#50,test_iid,location,1,0.445
nonlinear,3,general_06#67,test_iid,location,1,0.0004
nonlinear,3,general_06#72,test_iid,location,1,0.0001
nonlinear,3,general_06#84,test_iid,location,1,0.1469
nonlinear,3,general_06#89,test_iid,location,1,0.0025
nonlinear,3,general_07#70,test_iid,action,1,0.0751
nonlinear,3,general_07#80,test_iid,location,0,1.3911
nonlinear,3,general_07#95,test_iid,action,1,0.1567
nonlinear,3,general_07#96,test_iid,action,0,2.5642
nonlinear,3,general_08#17,test_iid,action,1,0.2454
nonlinear,3,general_08#24,test_iid,action,1,0.0535
nonlinear,3,general_08#44,test_iid,action,1,0.2119
nonlinear,3,general_08#50,test_iid,action,0,1.0884
nonlinear,3,general_09#18,test_iid,location,1,0.1288
nonlinear,3,general_09#47,test_iid,location,1,0.2036
nonlinear,3,general_09#50,test_iid,action,1,0.0861
nonlinear,3,general_09#84,test_iid,location,1,0.2266
nonlinear,3,general_09#96,test_iid,action,1,0.1055
nonlinear,3,general_09#100,test_iid,location,1,0.3214
nonlinear,3,general_10#88,test_iid,location,1,0.197
nonlinear,3,general_10#99,test_iid,location,1,0.0072
nonlinear,3,general_11#6,test_iid,action,1,0.012
nonlinear,3,general_11#23,test_iid,action,1,0.1513
nonlinear,3,general_11#68,test_iid,action,1,0.3513
nonlinear,3,general_11#73,test_iid,action,1,0.2152
nonlinear,3,general_11#78,test_iid,location,1,0.1963
nonlinear,3,general_11#79,test_iid,action,1,0.4867
nonlinear,3,general_11#92,test_iid,action,1,0.5358
nonlinear,3,general_11#93,test_iid,location,1,0.0692
nonlinear,3,general_12#4,test_iid,action,0,1.2511
nonlinear,3,general_12#61,test_iid,action,0,2.0493
nonlinear,3,general_12#75,test_iid,location,1,0.0008
nonlinear,3,general_12#82,test_iid,location,1,0.0828
nonlinear,3,general_12#93,test_iid,action,1,0.3621
nonlinear,3,general_13#37,test_iid,action,0,1.6511
nonlinear,3,general_13#40,test_iid,action,0,1.4136
nonlinear,3,general_13#48,test_iid,action,1,0.2031
nonlinear,3,general_13#66,test_iid,action,1,0.0287
nonlinear,3,general_13#73,test_iid,location,1,0.0363
nonlinear,3,general_14#5,test_iid,action,0,1.7828
nonlinear,3,general_14#27,test_iid,action,0,0.8322
nonlinear,3,general_14#35,test_iid,action,0,2.3437
nonlinear,3,general_14#53,test_iid,location,0,2.328
nonlinear,3,general_14#54,test_iid,location,0,0.9084
nonlinear,3,general_14#68,test_iid,location,1,0.1136
nonlinear,3,general_14#83,test_iid,action,0,0.9286
nonlinear,3,general_14#86,test_iid,action,1,0.0805
nonlinear,3,general_14#90,test_iid,location,1,0.0
nonlinear,3,general_15#20,test_iid,location,0,1.6539
nonlinear,3,general_15#24,test_iid,location,1,0.0006
nonlinear,3,general_15#39,test_iid,location,1,0.0016
nonlinear,3,general_15#62,test_iid,action,0,0.9921
nonlinear,3,general_15#80,test_iid,action,1,0.2022
nonlinear,3,general_15#89,test_iid,action,1,0.0093
nonlinear,3,heldout_location_01#1,test_family,location,1,0.0004
nonlinear,3,heldout_location_01#2,test_family,location,0,3.1046
nonlinear,3,heldout_location_01#3,test_family,location,1,0.0007
nonlinear,3,heldout_location_01#4,test_family,location,1,0.0002
nonlinear,3,heldout_location_01#5,test_family,location,1,0.5464
nonlinear,3,heldout_location_01#6,test_family,location,1,0.0001
nonlinear,3,heldout_location_01#7,test_family,location,0,1.3495
nonlinear,3,heldout_location_01#8,test_family,location,0,2.9659
nonlinear,3,heldout_location_01#9,test_family,location,1,0.0008
nonlinear,3,heldout_location_01#10,test_family,location,0,1.2374
nonlinear,3,heldout_location_01#11,test_family,location,1,0.0173
nonlinear,3,heldout_location_01#12,test_family,location,1,0.0579
nonlinear,3,heldout_location_01#13,test_family,location,0,3.8688
nonlinear,3,heldout_location_01#14,test_family,location,1,0.491
nonlinear,3,heldout_location_01#15,test_family,location,1,0.4198
nonlinear,3,heldout_location_01#16,test_family,location,0,1.5709
nonlinear,3,heldout_location_01#17,test_family,location,1,0.0
nonlinear,3,heldout_location_01#18,test_family,location,1,0.0001
nonlinear,3,heldout_location_01#19,test_family,location,0,1.8244
nonlinear,3,heldout_location_01#20,test_family,action,0,7.5917
nonlinear,3,heldout_location_01#21,test_family,action,1,0.0541
nonlinear,3,heldout_location_01#22,test_family,action,1,0.0162
nonlinear,3,heldout_location_01#23,test_family,action,1,0.0683
nonlinear,3,heldout_location_01#24,test_family,action,1,0.0026
nonlinear,3,heldout_location_01#25,test_family,action,0,5.9874
nonlinear,3,heldout_location_01#26,test_family,action,1,0.0
nonlinear,3,heldout_location_01#27,test_family,action,0,1.3928
nonlinear,3,heldout_location_01#28,test_family,action,1,0.0015
nonlinear,3,heldout_location_01#29,test_family,action,0,5.1056
nonlinear,3,heldout_location_01#30,test_family,action,1,0.0533
nonlinear,3,heldout_location_01#31,test_family,action,0,3.8714
nonlinear,3,heldout_location_01#32,test_family,action,1,0.6252
nonlinear,3,heldout_location_01#33,test_family,action,1,0.0276
nonlinear,3,heldout_location_01#34,test_family,action,1,0.0029
nonlinear,3,heldout_location_01#35,test_family,action,0,0.8314
nonlinear,3,heldout_location_01#36,test_family,action,0,1.1673
nonlinear,3,heldout_location_01#37,test_family,action,1,0.0015
nonlinear,3,personality_01#1,test_pers,location,1,0.4039
nonlinear,3,personality_01#2,test_pers,location,0,1.0045
nonlinear,3,personality_01#3,test_pers,location,0,4.113
nonlinear,3,personality_01#4,test_pers,location,1,0.0542
nonlinear,3,personality_01#5,test_pers,location,0,5.418
nonlinear,3,personality_01#6,test_pers,location,0,1.6569
nonlinear,3,personality_01#7,test_pers,location,0,4.2876
nonlinear,3,personality_01#8,test_pers,location,1,0.6143
nonlinear,3,personality_01#9,test_pers,location,1,0.0074
nonlinear,3,personality_01#10,test_pers,location,1,0.1781
nonlinear,3,personality_01#11,test_pers,location,0,2.7922
nonlinear,3,personality_01#12,test_pers,location,1,0.0017
nonlinear,3,personality_01#13,test_pers,location,1,0.0073
nonlinear,3,personality_01#14,test_pers,location,1,0.1
nonlinear,3,personality_01#15,test_pers,location,0,1.1173
nonlinear,3,personality_01#16,test_pers,location,1,0.011
nonlinear,3,personality_01#17,test_pers,location,1,0.0699
nonlinear,3,personality_01#18,test_pers,location,0,1.752
nonlinear,3,personality_01#19,test_pers,location,1,0.588
nonlinear,3,personality_01#20,test_pers,action,1,0.0001
nonlinear,3,personality_01#21,test_pers,action,1,0.026
nonlinear,3,personality_01#22,test_pers,action,1,0.0195
nonlinear,3,personality_01#23,test_pers,action,1,0.0
nonlinear,3,personality_01#24,test_pers,action,1,0.0011
nonlinear,3,personality_01#25,test_pers,action,0,8.9274
nonlinear,3,personality_01#26,test_pers,action,1,0.0002
nonlinear,3,personality_01#27,test_pers,action,1,0.0001
nonlinear,3,personality_01#28,test_pers,action,0,1.4887
nonlinear,3,personality_01#29,test_pers,action,1,0.1864
nonlinear,3,personality_01#30,test_pers,action,1,0.0071
nonlinear,3,personality_01#31,test_pers,action,0,1.0508
nonlinear,3,personality_01#32,test_pers,action,0,2.521
nonlinear,3,personality_01#33,test_pers,action,1,0.1007
nonlinear,3,personality_01#34,test_pers,action,1,0.2444
nonlinear,3,personality_01#35,test_pers,action,0,1.1555
nonlinear,3,personality_01#36,test_pers,action,1,0.1161
nonlinear,3,personality_01#37,test_pers,action,0,1.5125
nonlinear,3,personality_01#38,test_pers,action,0,6.4303
nonlinear,0,general_01#74,test_iid,action,1,0.7647
nonlinear,0,general_01#75,test_iid,location,1,0.0398
nonlinear,0,general_01#93,test_iid,action,1,0.3985
nonlinear,0,general_01#94,test_iid,action,1,0.0199
nonlinear,0,general_02#32,test_iid,action,1,0.3053
nonlinear,0,general_02#35,test_iid,location,1,0.2949
nonlinear,0,general_02#61,test_iid,action,1,0.1318
nonlinear,0,general_02#65,test_iid,location,1,0.5024
nonlinear,0,general_03#3,test_iid,location,1,0.0023
nonlinear,0,general_03#14,test_iid,location,1,0.1426
nonlinear,0,general_03#17,test_iid,location,1,0.9551
nonlinear,0,general_03#18,test_iid,location,1,0.0107
nonlinear,0,general_03#98,test_iid,action,1,0.0835
nonlinear,0,general_04#10,test_iid,location,1,0.1484
nonlinear,0,general_04#23,test_iid,location,0,1.3553
nonlinear,0,general_04#29,test_iid,location,1,0.6439
nonlinear,0,general_04#52,test_iid,location,1,0.0001
nonlinear,0,general_04#57,test_iid,action,1,0.029
nonlinear,0,general_04#85,test_iid,location,0,5.172
nonlinear,0,general_05#36,test_iid,action,1,0.0045
nonlinear,0,general_05#94,test_iid,location,0,5.4697
nonlinear,0,general_05#99,test_iid,location,1,0.0003
nonlinear,0,general_06#11,test_iid,location,1,0.1219
nonlinear,0,general_06#28,test_iid,location,1,0.0775
nonlinear,0,general_06#33,test_iid,action,0,1.5682
nonlinear,0,general_06#50,test_iid,location,1,0.6732
nonlinear,0,general_06#67,test_iid,location,1,0.0019
nonlinear,0,general_06#72,test_iid,location,1,0.0003
nonlinear,0,general_06#84,test_iid,location,1,0.1542
nonlinear,0,general_06#89,test_iid,location,1,0.0046
nonlinear,0,general_07#70,test_iid,action,1,0.0691
nonlinear,0,general_07#80,test_iid,location,0,1.4472
nonlinear,0,general_07#95,test_iid,action,1,0.2285
nonlinear,0,general_07#96,test_iid,action,0,1.2444
nonlinear,0,general_08#17,test_iid,action,1,0.6819
nonlinear,0,general_08#24,test_iid,action,1,0.1143
nonlinear,0,general_08#44,test_iid,action,1,0.1295
nonlinear,0,general_08#50,test_iid,action,1,0.5413
nonlinear,0,general_09#18,test_iid,location,1,0.1916
nonlinear,0,general_09#47,test_iid,location,1,0.3446
nonlinear,0,general_09#50,test_iid,action,1,0.0379
nonlinear,0,general_09#84,test_iid,location,1,0.1037
nonlinear,0,general_09#96,test_iid,action,1,0.0857
nonlinear,0,general_09#100,test_iid,location,1,0.9022
nonlinear,0,general_10#88,test_iid,location,1,0.3423
nonlinear,0,general_10#99,test_iid,location,1,0.0132
nonlinear,0,general_11#6,test_iid,action,1,0.0082
nonlinear,0,general_11#23,test_iid,action,1,0.4572
nonlinear,0,general_11#68,test_iid,action,1,0.2652
nonlinear,0,general_11#73,test_iid,action,1,0.2446
nonlinear,0,general_11#78,test_iid,location,1,0.1711
nonlinear,0,general_11#79,test_iid,action,1,0.6099
nonlinear,0,general_11#92,test_iid,action,1,0.5634
nonlinear,0,general_11#93,test_iid,location,1,0.2083
nonlinear,0,general_12#4,test_iid,action,0,1.0441
nonlinear,0,general_12#61,test_iid,action,0,1.4572
nonlinear,0,general_12#75,test_iid,location,1,0.003
nonlinear,0,general_12#82,test_iid,location,1,0.0373
nonlinear,0,general_12#93,test_iid,action,1,0.4895
nonlinear,0,general_13#37,test_iid,action,0,1.5203
nonlinear,0,general_13#40,test_iid,action,0,1.4608
nonlinear,0,general_13#48,test_iid,action,1,0.1754
nonlinear,0,general_13#66,test_iid,action,1,0.0492
nonlinear,0,general_13#73,test_iid,location,1,0.0901
nonlinear,0,general_14#5,test_iid,action,0,1.7265
nonlinear,0,general_14#27,test_iid,action,0,1.3692
nonlinear,0,general_14#35,test_iid,action,0,3.1256
nonlinear,0,general_14#53,test_iid,location,0,3.5401
nonlinear,0,general_14#54,test_iid,location,0,0.9112
nonlinear,0,general_14#68,test_iid,location,1,0.0735
nonlinear,0,general_14#83,test_iid,action,0,1.3183
nonlinear,0,general_14#86,test_iid,action,1,0.0306
nonlinear,0,general_14#90,test_iid,location,1,0.0
nonlinear,0,general_15#20,test_iid,location,0,2.3699
nonlinear,0,general_15#24,test_iid,location,1,0.0009
nonlinear,0,general_15#39,test_iid,location,1,0.0012
nonlinear,0,general_15#62,test_iid,action,0,1.4735
nonlinear,0,general_15#80,test_iid,action,1,0.2326
nonlinear,0,general_15#89,test_iid,action,1,0.0146
nonlinear,0,heldout_location_01#1,test_family,location,1,0.0058
nonlinear,0,heldout_location_01#2,test_family,location,0,3.3015
nonlinear,0,heldout_location_01#3,test_family,location,1,0.0064
nonlinear,0,heldout_location_01#4,test_family,location,1,0.0068
nonlinear,0,heldout_location_01#5,test_family,location,0,1.4456
nonlinear,0,heldout_location_01#6,test_family,location,1,0.0005
nonlinear,0,heldout_location_01#7,test_family,location,0,2.1233
nonlinear,0,heldout_location_01#8,test_family,location,0,1.6067
nonlinear,0,heldout_location_01#9,test_family,location,1,0.0001
nonlinear,0,heldout_location_01#10,test_family,location,0,2.2075
nonlinear,0,heldout_location_01#11,test_family,location,1,0.0214
nonlinear,0,heldout_location_01#12,test_family,location,1,0.2542
nonlinear,0,heldout_location_01#13,test_family,location,0,4.7476
nonlinear,0,heldout_location_01#14,test_family,location,1,0.77
nonlinear,0,heldout_location_01#15,test_family,location,1,0.1242
nonlinear,0,heldout_location_01#16,test_family,location,0,1.2501
nonlinear,0,heldout_location_01#17,test_family,location,1,0.0001
nonlinear,0,heldout_location_01#18,test_family,location,1,0.0001
nonlinear,0,heldout_location_01#19,test_family,location,0,2.4829
nonlinear,0,heldout_location_01#20,test_family,action,0,4.7671
nonlinear,0,heldout_location_01#21,test_family,action,1,0.2053
nonlinear,0,heldout_location_01#22,test_family,action,1,0.011
nonlinear,0,heldout_location_01#23,test_family,action,1,0.0934
nonlinear,0,heldout_location_01#24,test_family,action,1,0.0028
nonlinear,0,heldout_location_01#25,test_family,action,0,5.739
nonlinear,0,heldout_location_01#26,test_family,action,1,0.0
nonlinear,0,heldout_location_01#27,test_family,action,0,1.7883
nonlinear,0,heldout_location_01#28,test_family,action,1,0.0016
nonlinear,0,heldout_location_01#29,test_family,action,0,4.3711
nonlinear,0,heldout_location_01#30,test_family,action,1,0.1046
nonlinear,0,heldout_location_01#31,test_family,action,0,3.915
nonlinear,0,heldout_location_01#32,test_family,action,0,1.7695
nonlinear,0,heldout_location_01#33,test_family,action,1,0.0232
nonlinear,0,heldout_location_01#34,test_family,action,1,0.0063
nonlinear,0,heldout_location_01#35,test_family,action,1,0.5841
nonlinear,0,heldout_location_01#36,test_family,action,0,2.0124
nonlinear,0,heldout_location_01#37,test_family,action,1,0.0007
nonlinear,0,personality_01#1,test_pers,location,1,0.2915
nonlinear,0,personality_01#2,test_pers,location,0,1.2122
nonlinear,0,personality_01#3,test_pers,location,0,4.147
nonlinear,0,personality_01#4,test_pers,location,1,0.0912
nonlinear,0,personality_01#5,test_pers,location,0,6.2557
nonlinear,0,personality_01#6,test_pers,location,0,1.9717
nonlinear,0,personality_01#7,test_pers,location,0,3.8581
nonlinear,0,personality_01#8,test_pers,location,1,0.62
nonlinear,0,personality_01#9,test_pers,location,1,0.0013
nonlinear,0,personality_01#10,test_pers,location,1,0.1522
nonlinear,0,personality_01#11,test_pers,location,0,2.4059
nonlinear,0,personality_01#12,test_pers,location,1,0.0039
nonlinear,0,personality_01#13,test_pers,location,1,0.0262
nonlinear,0,personality_01#14,test_pers,location,1,0.1723
nonlinear,0,personality_01#15,test_pers,location,0,1.0419
nonlinear,0,personality_01#16,test_pers,location,1,0.0132
nonlinear,0,personality_01#17,test_pers,location,1,0.0846
nonlinear,0,personality_01#18,test_pers,location,0,2.1473
nonlinear,0,personality_01#19,test_pers,location,0,0.8504
nonlinear,0,personality_01#20,test_pers,action,1,0.0002
nonlinear,0,personality_01#21,test_pers,action,1,0.0429
nonlinear,0,personality_01#22,test_pers,action,1,0.1503
nonlinear,0,personality_01#23,test_pers,action,1,0.0
nonlinear,0,personality_01#24,test_pers,action,1,0.0007
nonlinear,0,personality_01#25,test_pers,action,0,8.1542
nonlinear,0,personality_01#26,test_pers,action,1,0.0003
nonlinear,0,personality_01#27,test_pers,action,1,0.0015
nonlinear,0,personality_01#28,test_pers,action,0,1.747
nonlinear,0,personality_01#29,test_pers,action,1,0.2145
nonlinear,0,personality_01#30,test_pers,action,1,0.0032
nonlinear,0,personality_01#31,test_pers,action,1,0.7808
nonlinear,0,personality_01#32,test_pers,action,0,3.3619
nonlinear,0,personality_01#33,test_pers,action,1,0.11
nonlinear,0,personality_01#34,test_pers,action,1,0.4457
nonlinear,0,personality_01#35,test_pers,action,0,1.0769
nonlinear,0,personality_01#36,test_pers,action,1,0.1586
nonlinear,0,personality_01#37,test_pers,action,0,1.7348
nonlinear,0,personality_01#38,test_pers,action,0,5.5298
nonlinear,1,general_01#74,test_iid,action,1,0.446
nonlinear,1,general_01#75,test_iid,location,1,0.0184
nonlinear,1,general_01#93,test_iid,action,1,0.4309
nonlinear,1,general_01#94,test_iid,action,1,0.0114
nonlinear,1,general_02#32,test_iid,action,1,0.6091
nonlinear,1,general_02#35,test_iid,location,1,0.076
nonlinear,1,general_02#61,test_iid,action,1,0.1008
nonlinear,1,general_02#65,test_iid,location,1,0.4848
nonlinear,1,general_03#3,test_iid,location,1,0.0019
nonlinear,1,general_03#14,test_iid,location,1,0.1076
nonlinear,1,general_03#17,test_iid,location,0,0.8957
nonlinear,1,general_03#18,test_iid,location,1,0.0085
nonlinear,1,general_03#98,test_iid,action,1,0.0402
nonlinear,1,general_04#10,test_iid,location,1,0.0858
nonlinear,1,general_04#23,test_iid,location,0,1.1956
nonlinear,1,general_04#29,test_iid,location,1,0.7611
nonlinear,1,general_04#52,test_iid,location,1,0.0004
nonlinear,1,general_04#57,test_iid,action,1,0.0507
nonlinear,1,general_04#85,test_iid,location,0,6.7164
nonlinear,1,general_05#36,test_iid,action,1,0.0048
nonlinear,1,general_05#94,test_iid,location,0,5.3721
nonlinear,1,general_05#99,test_iid,location,1,0.0004
nonlinear,1,general_06#11,test_iid,location,1,0.0962
nonlinear,1,general_06#28,test_iid,location,1,0.056
nonlinear,1,general_06#33,test_iid,action,0,1.7786
nonlinear,1,general_06#50,test_iid,location,1,0.365
nonlinear,1,general_06#67,test_iid,location,1,0.0005
nonlinear,1,general_06#72,test_iid,location,1,0.0006
nonlinear,1,general_06#84,test_iid,location,1,0.142
nonlinear,1,general_06#89,test_iid,location,1,0.0042
nonlinear,1,general_07#70,test_iid,action,1,0.1012
nonlinear,1,general_07#80,test_iid,location,0,1.3452
nonlinear,1,general_07#95,test_iid,action,1,0.2859
nonlinear,1,general_07#96,test_iid,action,0,1.5229
nonlinear,1,general_08#17,test_iid,action,1,0.6662
nonlinear,1,general_08#24,test_iid,action,1,0.1058
nonlinear,1,general_08#44,test_iid,action,1,0.2092
nonlinear,1,general_08#50,test_iid,action,0,0.9797
nonlinear,1,general_09#18,test_iid,location,1,0.1239
nonlinear,1,general_09#47,test_iid,location,1,0.333
nonlinear,1,general_09#50,test_iid,action,1,0.0635
nonlinear,1,general_09#84,test_iid,location,1,0.1804
nonlinear,1,general_09#96,test_iid,action,1,0.0813
nonlinear,1,general_09#100,test_iid,location,1,0.6908
nonlinear,1,general_10#88,test_iid,location,1,0.3613
nonlinear,1,general_10#99,test_iid,location,1,0.0079
nonlinear,1,general_11#6,test_iid,action,1,0.0034
nonlinear,1,general_11#23,test_iid,action,1,0.35
nonlinear,1,general_11#68,test_iid,action,1,0.2936
nonlinear,1,general_11#73,test_iid,action,1,0.158
nonlinear,1,general_11#78,test_iid,location,1,0.175
nonlinear,1,general_11#79,test_iid,action,1,0.4418
nonlinear,1,general_11#92,test_iid,action,1,0.5377
nonlinear,1,general_11#93,test_iid,location,1,0.096
nonlinear,1,general_12#4,test_iid,action,0,0.8103
nonlinear,1,general_12#61,test_iid,action,0,1.979
nonlinear,1,general_12#75,test_iid,location,1,0.0008
nonlinear,1,general_12#82,test_iid,location,1,0.0523
nonlinear,1,general_12#93,test_iid,action,1,0.2023
nonlinear,1,general_13#37,test_iid,action,0,1.4676
nonlinear,1,general_13#40,test_iid,action,0,1.198
nonlinear,1,general_13#48,test_iid,action,1,0.149
nonlinear,1,general_13#66,test_iid,action,1,0.0275
nonlinear,1,general_13#73,test_iid,location,1,0.0353
nonlinear,1,general_14#5,test_iid,action,0,1.8844
nonlinear,1,general_14#27,test_iid,action,0,0.9975
nonlinear,1,general_14#35,test_iid,action,0,2.466
nonlinear,1,general_14#53,test_iid,location,0,2.6292
nonlinear,1,general_14#54,test_iid,location,0,1.2595
nonlinear,1,general_14#68,test_iid,location,1,0.0869
nonlinear,1,general_14#83,test_iid,action,0,1.5368
nonlinear,1,general_14#86,test_iid,action,1,0.0857
nonlinear,1,general_14#90,test_iid,location,1,0.0
nonlinear,1,general_15#20,test_iid,location,0,1.8382
nonlinear,1,general_15#24,test_iid,location,1,0.0013
nonlinear,1,general_15#39,test_iid,location,1,0.0009
nonlinear,1,general_15#62,test_iid,action,0,1.493
nonlinear,1,general_15#80,test_iid,action,1,0.304
nonlinear,1,general_15#89,test_iid,action,1,0.0095
nonlinear,1,heldout_location_01#1,test_family,location,1,0.0018
nonlinear,1,heldout_location_01#2,test_family,location,0,3.002
nonlinear,1,heldout_location_01#3,test_family,location,1,0.0075
nonlinear,1,heldout_location_01#4,test_family,location,1,0.0013
nonlinear,1,heldout_location_01#5,test_family,location,1,0.5645
nonlinear,1,heldout_location_01#6,test_family,location,1,0.0003
nonlinear,1,heldout_location_01#7,test_family,location,0,2.6384
nonlinear,1,heldout_location_01#8,test_family,location,0,1.8305
nonlinear,1,heldout_location_01#9,test_family,location,1,0.0002
nonlinear,1,heldout_location_01#10,test_family,location,0,1.7605
nonlinear,1,heldout_location_01#11,test_family,location,1,0.0186
nonlinear,1,heldout_location_01#12,test_family,location,1,0.1064
nonlinear,1,heldout_location_01#13,test_family,location,0,3.7115
nonlinear,1,heldout_location_01#14,test_family,location,1,0.5
nonlinear,1,heldout_location_01#15,test_family,location,1,0.278
nonlinear,1,heldout_location_01#16,test_family,location,0,1.4549
nonlinear,1,heldout_location_01#17,test_family,location,1,0.0001
nonlinear,1,heldout_location_01#18,test_family,location,1,0.0002
nonlinear,1,heldout_location_01#19,test_family,location,0,2.4905
nonlinear,1,heldout_location_01#20,test_family,action,0,6.4866
nonlinear,1,heldout_location_01#21,test_family,action,1,0.0256
nonlinear,1,heldout_location_01#22,test_family,action,1,0.0161
nonlinear,1,heldout_location_01#23,test_family,action,1,0.0664
nonlinear,1,heldout_location_01#24,test_family,action,1,0.0072
nonlinear,1,heldout_location_01#25,test_family,action,0,7.7707
nonlinear,1,heldout_location_01#26,test_family,action,1,0.0
nonlinear,1,heldout_location_01#27,test_family,action,0,1.7201
nonlinear,1,heldout_location_01#28,test_family,action,1,0.0021
nonlinear,1,heldout_location_01#29,test_family,action,0,6.7071
nonlinear,1,heldout_location_01#30,test_family,action,1,0.0877
nonlinear,1,heldout_location_01#31,test_family,action,0,2.7092
nonlinear,1,heldout_location_01#32,test_family,action,1,0.7275
nonlinear,1,heldout_location_01#33,test_family,action,1,0.0291
nonlinear,1,heldout_location_01#34,test_family,action,1,0.0047
nonlinear,1,heldout_location_01#35,test_family,action,1,0.2911
nonlinear,1,heldout_location_01#36,test_family,action,0,2.1319
nonlinear,1,heldout_location_01#37,test_family,action,1,0.0035
nonlinear,1,personality_01#1,test_pers,location,1,0.2762
nonlinear,1,personality_01#2,test_pers,location,0,1.1687
nonlinear,1,personality_01#3,test_pers,location,0,4.6076
nonlinear,1,personality_01#4,test_pers,location,1,0.0413
nonlinear,1,personality_01#5,test_pers,location,0,5.4249
nonlinear,1,personality_01#6,test_pers,location,0,2.2226
nonlinear,1,personality_01#7,test_pers,location,0,4.5341
nonlinear,1,personality_01#8,test_pers,location,1,0.3308
nonlinear,1,personality_01#9,test_pers,location,1,0.0048
nonlinear,1,personality_01#10,test_pers,location,1,0.1146
nonlinear,1,personality_01#11,test_pers,location,0,2.5762
nonlinear,1,personality_01#12,test_pers,location,1,0.0011
nonlinear,1,personality_01#13,test_pers,location,1,0.0143
nonlinear,1,personality_01#14,test_pers,location,1,0.1352
nonlinear,1,personality_01#15,test_pers,location,0,0.9908
nonlinear,1,personality_01#16,test_pers,location,1,0.01
nonlinear,1,personality_01#17,test_pers,location,1,0.1312
nonlinear,1,personality_01#18,test_pers,location,0,2.0698
nonlinear,1,personality_01#19,test_pers,location,0,1.0737
nonlinear,1,personality_01#20,test_pers,action,1,0.0002
nonlinear,1,personality_01#21,test_pers,action,1,0.0478
nonlinear,1,personality_01#22,test_pers,action,1,0.0656
nonlinear,1,personality_01#23,test_pers,action,1,0.0
nonlinear,1,personality_01#24,test_pers,action,1,0.001
nonlinear,1,personality_01#25,test_pers,action,0,9.7353
nonlinear,1,personality_01#26,test_pers,action,1,0.0001
nonlinear,1,personality_01#27,test_pers,action,1,0.0004
nonlinear,1,personality_01#28,test_pers,action,0,1.9405
nonlinear,1,personality_01#29,test_pers,action,0,0.7668
nonlinear,1,personality_01#30,test_pers,action,1,0.0015
nonlinear,1,personality_01#31,test_pers,action,1,0.7566
nonlinear,1,personality_01#32,test_pers,action,0,2.8952
nonlinear,1,personality_01#33,test_pers,action,1,0.11
nonlinear,1,personality_01#34,test_pers,action,1,0.365
nonlinear,1,personality_01#35,test_pers,action,0,0.7101
nonlinear,1,personality_01#36,test_pers,action,1,0.1874
nonlinear,1,personality_01#37,test_pers,action,0,1.8552
nonlinear,1,personality_01#38,test_pers,action,0,5.1455
nonlinear,4,general_01#74,test_iid,action,1,0.6205
nonlinear,4,general_01#75,test_iid,location,1,0.0255
nonlinear,4,general_01#93,test_iid,action,1,0.5364
nonlinear,4,general_01#94,test_iid,action,1,0.0097
nonlinear,4,general_02#32,test_iid,action,1,0.4111
nonlinear,4,general_02#35,test_iid,location,1,0.1483
nonlinear,4,general_02#61,test_iid,action,1,0.0614
nonlinear,4,general_02#65,test_iid,location,1,0.5533
nonlinear,4,general_03#3,test_iid,location,1,0.0005
nonlinear,4,general_03#14,test_iid,location,1,0.1088
nonlinear,4,general_03#17,test_iid,location,0,0.876
nonlinear,4,general_03#18,test_iid,location,1,0.0138
nonlinear,4,general_03#98,test_iid,action,1,0.012
nonlinear,4,general_04#10,test_iid,location,1,0.1135
nonlinear,4,general_04#23,test_iid,location,0,1.4438
nonlinear,4,general_04#29,test_iid,location,1,0.7804
nonlinear,4,general_04#52,test_iid,location,1,0.0001
nonlinear,4,general_04#57,test_iid,action,1,0.0154
nonlinear,4,general_04#85,test_iid,location,0,5.9466
nonlinear,4,general_05#36,test_iid,action,1,0.0041
nonlinear,4,general_05#94,test_iid,location,0,5.1503
nonlinear,4,general_05#99,test_iid,location,1,0.0001
nonlinear,4,general_06#11,test_iid,location,1,0.0584
nonlinear,4,general_06#28,test_iid,location,1,0.054
nonlinear,4,general_06#33,test_iid,action,0,2.3022
nonlinear,4,general_06#50,test_iid,location,1,0.5301
nonlinear,4,general_06#67,test_iid,location,1,0.0009
nonlinear,4,general_06#72,test_iid,location,1,0.0006
nonlinear,4,general_06#84,test_iid,location,1,0.0986
nonlinear,4,general_06#89,test_iid,location,1,0.0025
nonlinear,4,general_07#70,test_iid,action,1,0.2699
nonlinear,4,general_07#80,test_iid,location,0,1.7008
nonlinear,4,general_07#95,test_iid,action,1,0.148
nonlinear,4,general_07#96,test_iid,action,0,1.9627
nonlinear,4,general_08#17,test_iid,action,1,0.3008
nonlinear,4,general_08#24,test_iid,action,1,0.2313
nonlinear,4,general_08#44,test_iid,action,1,0.2444
nonlinear,4,general_08#50,test_iid,action,0,1.2089
nonlinear,4,general_09#18,test_iid,location,1,0.2426
nonlinear,4,general_09#47,test_iid,location,1,0.3107
nonlinear,4,general_09#50,test_iid,action,1,0.0718
nonlinear,4,general_09#84,test_iid,location,1,0.2109
nonlinear,4,general_09#96,test_iid,action,1,0.1281
nonlinear,4,general_09#100,test_iid,location,1,0.8213
nonlinear,4,general_10#88,test_iid,location,1,0.2089
nonlinear,4,general_10#99,test_iid,location,1,0.0064
nonlinear,4,general_11#6,test_iid,action,1,0.0019
nonlinear,4,general_11#23,test_iid,action,1,0.3175
nonlinear,4,general_11#68,test_iid,action,1,0.2741
nonlinear,4,general_11#73,test_iid,action,1,0.1146
nonlinear,4,general_11#78,test_iid,location,1,0.2455
nonlinear,4,general_11#79,test_iid,action,1,0.6324
nonlinear,4,general_11#92,test_iid,action,1,0.4526
nonlinear,4,general_11#93,test_iid,location,1,0.1279
nonlinear,4,general_12#4,test_iid,action,0,1.0586
nonlinear,4,general_12#61,test_iid,action,0,1.9401
nonlinear,4,general_12#75,test_iid,location,1,0.0053
nonlinear,4,general_12#82,test_iid,location,1,0.1196
nonlinear,4,general_12#93,test_iid,action,1,0.2846
nonlinear,4,general_13#37,test_iid,action,0,1.7484
nonlinear,4,general_13#40,test_iid,action,0,1.6417
nonlinear,4,general_13#48,test_iid,action,1,0.1446
nonlinear,4,general_13#66,test_iid,action,1,0.0426
nonlinear,4,general_13#73,test_iid,location,1,0.0352
nonlinear,4,general_14#5,test_iid,action,0,1.7389
nonlinear,4,general_14#27,test_iid,action,0,1.0541
nonlinear,4,general_14#35,test_iid,action,0,1.712
nonlinear,4,general_14#53,test_iid,location,0,2.7454
nonlinear,4,general_14#54,test_iid,location,0,0.864
nonlinear,4,general_14#68,test_iid,location,1,0.1388
nonlinear,4,general_14#83,test_iid,action,0,1.3492
nonlinear,4,general_14#86,test_iid,action,1,0.0938
nonlinear,4,general_14#90,test_iid,location,1,0.0
nonlinear,4,general_15#20,test_iid,location,0,1.9435
nonlinear,4,general_15#24,test_iid,location,1,0.0015
nonlinear,4,general_15#39,test_iid,location,1,0.0015
nonlinear,4,general_15#62,test_iid,action,0,1.2099
nonlinear,4,general_15#80,test_iid,action,1,0.1318
nonlinear,4,general_15#89,test_iid,action,1,0.0064
nonlinear,4,heldout_location_01#1,test_family,location,1,0.0019
nonlinear,4,heldout_location_01#2,test_family,location,0,2.8236
nonlinear,4,heldout_location_01#3,test_family,location,1,0.0024
nonlinear,4,heldout_location_01#4,test_family,location,1,0.0027
nonlinear,4,heldout_location_01#5,test_family,location,1,0.9516
nonlinear,4,heldout_location_01#6,test_family,location,1,0.0003
nonlinear,4,heldout_location_01#7,test_family,location,0,1.6905
nonlinear,4,heldout_location_01#8,test_family,location,0,2.2953
nonlinear,4,heldout_location_01#9,test_family,location,1,0.0007
nonlinear,4,heldout_location_01#10,test_family,location,0,2.1727
nonlinear,4,heldout_location_01#11,test_family,location,1,0.031
nonlinear,4,heldout_location_01#12,test_family,location,1,0.0887
nonlinear,4,heldout_location_01#13,test_family,location,0,3.8443
nonlinear,4,heldout_location_01#14,test_family,location,1,0.7622
nonlinear,4,heldout_location_01#15,test_family,location,1,0.1383
nonlinear,4,heldout_location_01#16,test_family,location,0,1.4097
nonlinear,4,heldout_location_01#17,test_family,location,1,0.0
nonlinear,4,heldout_location_01#18,test_family,location,1,0.0
nonlinear,4,heldout_location_01#19,test_family,location,0,3.056
nonlinear,4,heldout_location_01#20,test_family,action,0,5.4653
nonlinear,4,heldout_location_01#21,test_family,action,1,0.0598
nonlinear,4,heldout_location_01#22,test_family,action,1,0.0183
nonlinear,4,heldout_location_01#23,test_family,action,1,0.0868
nonlinear,4,heldout_location_01#24,test_family,action,1,0.0025
nonlinear,4,heldout_location_01#25,test_family,action,0,8.3647
nonlinear,4,heldout_location_01#26,test_family,action,1,0.0
nonlinear,4,heldout_location_01#27,test_family,action,0,2.1765
nonlinear,4,heldout_location_01#28,test_family,action,1,0.0044
nonlinear,4,heldout_location_01#29,test_family,action,0,5.8189
nonlinear,4,heldout_location_01#30,test_family,action,1,0.0924
nonlinear,4,heldout_location_01#31,test_family,action,0,2.4327
nonlinear,4,heldout_location_01#32,test_family,action,0,1.2765
nonlinear,4,heldout_location_01#33,test_family,action,1,0.0763
nonlinear,4,heldout_location_01#34,test_family,action,1,0.0023
nonlinear,4,heldout_location_01#35,test_family,action,1,0.4464
nonlinear,4,heldout_location_01#36,test_family,action,0,1.7735
nonlinear,4,heldout_location_01#37,test_family,action,1,0.0016
nonlinear,4,personality_01#1,test_pers,location,1,0.1943
nonlinear,4,personality_01#2,test_pers,location,0,1.5669
nonlinear,4,personality_01#3,test_pers,location,0,5.3894
nonlinear,4,personality_01#4,test_pers,location,1,0.044
nonlinear,4,personality_01#5,test_pers,location,0,5.8055
nonlinear,4,personality_01#6,test_pers,location,0,1.7252
nonlinear,4,personality_01#7,test_pers,location,0,5.4769
nonlinear,4,personality_01#8,test_pers,location,1,0.3606
nonlinear,4,personality_01#9,test_pers,location,1,0.0008
nonlinear,4,personality_01#10,test_pers,location,1,0.1213
nonlinear,4,personality_01#11,test_pers,location,0,3.5461
nonlinear,4,personality_01#12,test_pers,location,1,0.001
nonlinear,4,personality_01#13,test_pers,location,1,0.0135
nonlinear,4,personality_01#14,test_pers,location,1,0.0785
nonlinear,4,personality_01#15,test_pers,location,0,0.8366
nonlinear,4,personality_01#16,test_pers,location,1,0.0083
nonlinear,4,personality_01#17,test_pers,location,1,0.0896
nonlinear,4,personality_01#18,test_pers,location,0,1.9857
nonlinear,4,personality_01#19,test_pers,location,0,1.3441
nonlinear,4,personality_01#20,test_pers,action,1,0.0002
nonlinear,4,personality_01#21,test_pers,action,1,0.0243
nonlinear,4,personality_01#22,test_pers,action,1,0.0208
nonlinear,4,personality_01#23,test_pers,action,1,0.0
nonlinear,4,personality_01#24,test_pers,action,1,0.0002
nonlinear,4,personality_01#25,test_pers,action,0,8.6384
nonlinear,4,personality_01#26,test_pers,action,1,0.0001
nonlinear,4,personality_01#27,test_pers,action,1,0.0001
nonlinear,4,personality_01#28,test_pers,action,0,1.2946
nonlinear,4,personality_01#29,test_pers,action,1,0.5346
nonlinear,4,personality_01#30,test_pers,action,1,0.0013
nonlinear,4,personality_01#31,test_pers,action,0,1.0041
nonlinear,4,personality_01#32,test_pers,action,0,3.377
nonlinear,4,personality_01#33,test_pers,action,1,0.0847
nonlinear,4,personality_01#34,test_pers,action,1,0.2597
nonlinear,4,personality_01#35,test_pers,action,0,2.787
nonlinear,4,personality_01#36,test_pers,action,1,0.1275
nonlinear,4,personality_01#37,test_pers,action,0,1.6058
nonlinear,4,personality_01#38,test_pers,action,0,5.8775
agnostic_nonlinear,0,general_01#74,test_iid,action,0,1.4769
agnostic_nonlinear,0,general_01#75,test_iid,location,0,1.29
agnostic_nonlinear,0,general_01#93,test_iid,action,1,0.8769
agnostic_nonlinear,0,general_01#94,test_iid,action,1,1.2716
agnostic_nonlinear,0,general_02#32,test_iid,action,1,0.7261
agnostic_nonlinear,0,general_02#35,test_iid,location,0,1.8724
agnostic_nonlinear,0,general_02#61,test_iid,action,0,1.4161
agnostic_nonlinear,0,general_02#65,test_iid,location,0,0.9901
agnostic_nonlinear,0,general_03#3,test_iid,location,1,1.2706
agnostic_nonlinear,0,general_03#14,test_iid,location,1,1.1405
agnostic_nonlinear,0,general_03#17,test_iid,location,0,1.4778
agnostic_nonlinear,0,general_03#18,test_iid,location,1,0.8447
agnostic_nonlinear,0,general_03#98,test_iid,action,0,1.0152
agnostic_nonlinear,0,general_04#10,test_iid,location,0,1.2452
agnostic_nonlinear,0,general_04#23,test_iid,location,0,0.9618
agnostic_nonlinear,0,general_04#29,test_iid,location,0,1.6359
agnostic_nonlinear,0,general_04#52,test_iid,location,1,0.4521
agnostic_nonlinear,0,general_04#57,test_iid,action,1,0.6352
agnostic_nonlinear,0,general_04#85,test_iid,location,1,0.9055
agnostic_nonlinear,0,general_05#36,test_iid,action,0,1.8042
agnostic_nonlinear,0,general_05#94,test_iid,location,1,0.3891
agnostic_nonlinear,0,general_05#99,test_iid,location,1,0.5855
agnostic_nonlinear,0,general_06#11,test_iid,location,1,1.0755
agnostic_nonlinear,0,general_06#28,test_iid,location,0,1.6331
agnostic_nonlinear,0,general_06#33,test_iid,action,1,0.8769
agnostic_nonlinear,0,general_06#50,test_iid,location,0,1.7468
agnostic_nonlinear,0,general_06#67,test_iid,location,1,0.5334
agnostic_nonlinear,0,general_06#72,test_iid,location,1,1.0096
agnostic_nonlinear,0,general_06#84,test_iid,location,1,1.4552
agnostic_nonlinear,0,general_06#89,test_iid,location,0,2.0654
agnostic_nonlinear,0,general_07#70,test_iid,action,1,0.6352
agnostic_nonlinear,0,general_07#80,test_iid,location,1,1.3977
agnostic_nonlinear,0,general_07#95,test_iid,action,0,1.3814
agnostic_nonlinear,0,general_07#96,test_iid,action,1,0.953
agnostic_nonlinear,0,general_08#17,test_iid,action,1,0.759
agnostic_nonlinear,0,general_08#24,test_iid,action,0,1.4769
agnostic_nonlinear,0,general_08#44,test_iid,action,0,1.0508
agnostic_nonlinear,0,general_08#50,test_iid,action,0,1.1931
agnostic_nonlinear,0,general_09#18,test_iid,location,0,1.4265
agnostic_nonlinear,0,general_09#47,test_iid,location,1,1.0254
agnostic_nonlinear,0,general_09#50,test_iid,action,1,0.8589
agnostic_nonlinear,0,general_09#84,test_iid,location,1,0.3128
agnostic_nonlinear,0,general_09#96,test_iid,action,0,1.2142
agnostic_nonlinear,0,general_09#100,test_iid,location,0,2.3996
agnostic_nonlinear,0,general_10#88,test_iid,location,0,1.8238
agnostic_nonlinear,0,general_10#99,test_iid,location,1,0.6736
agnostic_nonlinear,0,general_11#6,test_iid,action,0,0.8684
agnostic_nonlinear,0,general_11#23,test_iid,action,1,0.8896
agnostic_nonlinear,0,general_11#68,test_iid,action,0,1.1688
agnostic_nonlinear,0,general_11#73,test_iid,action,1,0.9934
agnostic_nonlinear,0,general_11#78,test_iid,location,1,0.9838
agnostic_nonlinear,0,general_11#79,test_iid,action,0,1.1165
agnostic_nonlinear,0,general_11#92,test_iid,action,0,1.1005
agnostic_nonlinear,0,general_11#93,test_iid,location,1,1.3026
agnostic_nonlinear,0,general_12#4,test_iid,action,0,1.4769
agnostic_nonlinear,0,general_12#61,test_iid,action,1,0.8085
agnostic_nonlinear,0,general_12#75,test_iid,location,1,0.5098
agnostic_nonlinear,0,general_12#82,test_iid,location,1,0.5074
agnostic_nonlinear,0,general_12#93,test_iid,action,0,1.4374
agnostic_nonlinear,0,general_13#37,test_iid,action,0,1.2142
agnostic_nonlinear,0,general_13#40,test_iid,action,0,1.3298
agnostic_nonlinear,0,general_13#48,test_iid,action,1,0.6344
agnostic_nonlinear,0,general_13#66,test_iid,action,0,1.1449
agnostic_nonlinear,0,general_13#73,test_iid,location,0,1.3652
agnostic_nonlinear,0,general_14#5,test_iid,action,0,1.0975
agnostic_nonlinear,0,general_14#27,test_iid,action,1,0.8069
agnostic_nonlinear,0,general_14#35,test_iid,action,0,1.583
agnostic_nonlinear,0,general_14#53,test_iid,location,0,1.3815
agnostic_nonlinear,0,general_14#54,test_iid,location,0,2.2609
agnostic_nonlinear,0,general_14#68,test_iid,location,1,0.5828
agnostic_nonlinear,0,general_14#83,test_iid,action,0,1.1005
agnostic_nonlinear,0,general_14#86,test_iid,action,1,0.7295
agnostic_nonlinear,0,general_14#90,test_iid,location,1,0.3309
agnostic_nonlinear,0,general_15#20,test_iid,location,0,0.998
agnostic_nonlinear,0,general_15#24,test_iid,location,1,1.0792
agnostic_nonlinear,0,general_15#39,test_iid,location,1,0.8527
agnostic_nonlinear,0,general_15#62,test_iid,action,0,1.3844
agnostic_nonlinear,0,general_15#80,test_iid,action,0,0.9236
agnostic_nonlinear,0,general_15#89,test_iid,action,1,0.8085
agnostic_nonlinear,0,heldout_location_01#1,test_family,location,0,1.4224
agnostic_nonlinear,0,heldout_location_01#2,test_family,location,1,0.8714
agnostic_nonlinear,0,heldout_location_01#3,test_family,location,1,0.8897
agnostic_nonlinear,0,heldout_location_01#4,test_family,location,0,1.9178
agnostic_nonlinear,0,heldout_location_01#5,test_family,location,0,1.1346
agnostic_nonlinear,0,heldout_location_01#6,test_family,location,0,1.6291
agnostic_nonlinear,0,heldout_location_01#7,test_family,location,0,1.3645
agnostic_nonlinear,0,heldout_location_01#8,test_family,location,0,1.5607
agnostic_nonlinear,0,heldout_location_01#9,test_family,location,1,0.9406
agnostic_nonlinear,0,heldout_location_01#10,test_family,location,0,0.7575
agnostic_nonlinear,0,heldout_location_01#11,test_family,location,0,1.71
agnostic_nonlinear,0,heldout_location_01#12,test_family,location,0,1.6402
agnostic_nonlinear,0,heldout_location_01#13,test_family,location,0,1.4141
agnostic_nonlinear,0,heldout_location_01#14,test_family,location,0,1.2898
agnostic_nonlinear,0,heldout_location_01#15,test_family,location,0,1.4237
agnostic_nonlinear,0,heldout_location_01#16,test_family,location,0,1.0554
agnostic_nonlinear,0,heldout_location_01#17,test_family,location,0,0.9643
agnostic_nonlinear,0,heldout_location_01#18,test_family,location,1,1.559
agnostic_nonlinear,0,heldout_location_01#19,test_family,location,0,1.3269
agnostic_nonlinear,0,heldout_location_01#20,test_family,action,1,0.9002
agnostic_nonlinear,0,heldout_location_01#21,test_family,action,0,1.2035
agnostic_nonlinear,0,heldout_location_01#22,test_family,action,0,1.363
agnostic_nonlinear,0,heldout_location_01#23,test_family,action,0,1.1908
agnostic_nonlinear,0,heldout_location_01#24,test_family,action,0,1.272
agnostic_nonlinear,0,heldout_location_01#25,test_family,action,1,0.9009
agnostic_nonlinear,0,heldout_location_01#26,test_family,action,0,1.2861
agnostic_nonlinear,0,heldout_location_01#27,test_family,action,0,1.3206
agnostic_nonlinear,0,heldout_location_01#28,test_family,action,0,1.2207
agnostic_nonlinear,0,heldout_location_01#29,test_family,action,1,0.8949
agnostic_nonlinear,0,heldout_location_01#30,test_family,action,1,0.7399
agnostic_nonlinear,0,heldout_location_01#31,test_family,action,0,1.1474
agnostic_nonlinear,0,heldout_location_01#32,test_family,action,1,0.8497
agnostic_nonlinear,0,heldout_location_01#33,test_family,action,0,1.363
agnostic_nonlinear,0,heldout_location_01#34,test_family,action,0,1.1858
agnostic_nonlinear,0,heldout_location_01#35,test_family,action,1,0.8457
agnostic_nonlinear,0,heldout_location_01#36,test_family,action,1,0.8949
agnostic_nonlinear,0,heldout_location_01#37,test_family,action,0,1.363
agnostic_nonlinear,0,personality_01#1,test_pers,location,0,1.5894
agnostic_nonlinear,0,personality_01#2,test_pers,location,1,1.1587
agnostic_nonlinear,0,personality_01#3,test_pers,location,0,1.1623
agnostic_nonlinear,0,personality_01#4,test_pers,location,0,1.6358
agnostic_nonlinear,0,personality_01#5,test_pers,location,0,1.6302
agnostic_nonlinear,0,personality_01#6,test_pers,location,0,1.5008
agnostic_nonlinear,0,personality_01#7,test_pers,location,1,1.1235
agnostic_nonlinear,0,personality_01#8,test_pers,location,0,1.0367
agnostic_nonlinear,0,personality_01#9,test_pers,location,0,1.2764
agnostic_nonlinear,0,personality_01#10,test_pers,location,0,2.0654
agnostic_nonlinear,0,personality_01#11,test_pers,location,1,0.9584
agnostic_nonlinear,0,personality_01#12,test_pers,location,0,1.541
agnostic_nonlinear,0,personality_01#13,test_pers,location,0,1.6975
agnostic_nonlinear,0,personality_01#14,test_pers,location,0,1.1099
agnostic_nonlinear,0,personality_01#15,test_pers,location,0,1.7769
agnostic_nonlinear,0,personality_01#16,test_pers,location,0,1.7481
agnostic_nonlinear,0,personality_01#17,test_pers,location,0,1.2901
agnostic_nonlinear,0,personality_01#18,test_pers,location,1,1.1362
agnostic_nonlinear,0,personality_01#19,test_pers,location,1,0.9623
agnostic_nonlinear,0,personality_01#20,test_pers,action,1,0.6418
agnostic_nonlinear,0,personality_01#21,test_pers,action,1,0.8263
agnostic_nonlinear,0,personality_01#22,test_pers,action,0,1.3814
agnostic_nonlinear,0,personality_01#23,test_pers,action,0,1.4997
agnostic_nonlinear,0,personality_01#24,test_pers,action,0,1.2615
agnostic_nonlinear,0,personality_01#25,test_pers,action,0,3.2114
agnostic_nonlinear,0,personality_01#26,test_pers,action,1,0.5829
agnostic_nonlinear,0,personality_01#27,test_pers,action,0,1.3269
agnostic_nonlinear,0,personality_01#28,test_pers,action,1,0.9934
agnostic_nonlinear,0,personality_01#29,test_pers,action,1,0.6352
agnostic_nonlinear,0,personality_01#30,test_pers,action,0,1.1135
agnostic_nonlinear,0,personality_01#31,test_pers,action,0,2.1478
agnostic_nonlinear,0,personality_01#32,test_pers,action,1,0.7312
agnostic_nonlinear,0,personality_01#33,test_pers,action,0,1.0162
agnostic_nonlinear,0,personality_01#34,test_pers,action,0,1.3061
agnostic_nonlinear,0,personality_01#35,test_pers,action,1,0.7243
agnostic_nonlinear,0,personality_01#36,test_pers,action,1,0.8589
agnostic_nonlinear,0,personality_01#37,test_pers,action,0,1.5271
agnostic_nonlinear,0,personality_01#38,test_pers,action,0,1.3187
agnostic_nonlinear,1,general_01#74,test_iid,action,0,1.5205
agnostic_nonlinear,1,general_01#75,test_iid,location,0,1.3028
agnostic_nonlinear,1,general_01#93,test_iid,action,1,0.8612
agnostic_nonlinear,1,general_01#94,test_iid,action,1,1.237
agnostic_nonlinear,1,general_02#32,test_iid,action,1,0.6993
agnostic_nonlinear,1,general_02#35,test_iid,location,0,1.8265
agnostic_nonlinear,1,general_02#61,test_iid,action,0,1.4548
agnostic_nonlinear,1,general_02#65,test_iid,location,0,1.0252
agnostic_nonlinear,1,general_03#3,test_iid,location,1,1.2571
agnostic_nonlinear,1,general_03#14,test_iid,location,1,1.0974
agnostic_nonlinear,1,general_03#17,test_iid,location,0,1.4434
agnostic_nonlinear,1,general_03#18,test_iid,location,1,0.8318
agnostic_nonlinear,1,general_03#98,test_iid,action,0,1.0798
agnostic_nonlinear,1,general_04#10,test_iid,location,0,1.2794
agnostic_nonlinear,1,general_04#23,test_iid,location,0,0.9354
agnostic_nonlinear,1,general_04#29,test_iid,location,0,1.6111
agnostic_nonlinear,1,general_04#52,test_iid,location,1,0.4428
agnostic_nonlinear,1,general_04#57,test_iid,action,1,0.5855
agnostic_nonlinear,1,general_04#85,test_iid,location,1,0.8711
agnostic_nonlinear,1,general_05#36,test_iid,action,0,1.8497
agnostic_nonlinear,1,general_05#94,test_iid,location,1,0.3694
agnostic_nonlinear,1,general_05#99,test_iid,location,1,0.6005
agnostic_nonlinear,1,general_06#11,test_iid,location,1,1.0554
agnostic_nonlinear,1,general_06#28,test_iid,location,0,1.6313
agnostic_nonlinear,1,general_06#33,test_iid,action,1,0.8612
agnostic_nonlinear,1,general_06#50,test_iid,location,0,1.7658
agnostic_nonlinear,1,general_06#67,test_iid,location,1,0.5569
agnostic_nonlinear,1,general_06#72,test_iid,location,1,1.0404
agnostic_nonlinear,1,general_06#84,test_iid,location,1,1.4374
agnostic_nonlinear,1,general_06#89,test_iid,location,0,2.0343
agnostic_nonlinear,1,general_07#70,test_iid,action,1,0.5855
agnostic_nonlinear,1,general_07#80,test_iid,location,1,1.3518
agnostic_nonlinear,1,general_07#95,test_iid,action,0,1.3544
agnostic_nonlinear,1,general_07#96,test_iid,action,1,0.944
agnostic_nonlinear,1,general_08#17,test_iid,action,1,0.7758
agnostic_nonlinear,1,general_08#24,test_iid,action,0,1.5205
agnostic_nonlinear,1,general_08#44,test_iid,action,0,1.0602
agnostic_nonlinear,1,general_08#50,test_iid,action,0,1.2447
agnostic_nonlinear,1,general_09#18,test_iid,location,0,1.4662
agnostic_nonlinear,1,general_09#47,test_iid,location,1,0.9983
agnostic_nonlinear,1,general_09#50,test_iid,action,1,0.8147
agnostic_nonlinear,1,general_09#84,test_iid,location,1,0.2992
agnostic_nonlinear,1,general_09#96,test_iid,action,0,1.1906
agnostic_nonlinear,1,general_09#100,test_iid,location,0,2.4053
agnostic_nonlinear,1,general_10#88,test_iid,location,0,1.8521
agnostic_nonlinear,1,general_10#99,test_iid,location,1,0.6702
agnostic_nonlinear,1,general_11#6,test_iid,action,0,0.8611
agnostic_nonlinear,1,general_11#23,test_iid,action,1,0.87
agnostic_nonlinear,1,general_11#68,test_iid,action,0,1.2016
agnostic_nonlinear,1,general_11#73,test_iid,action,1,0.9972
agnostic_nonlinear,1,general_11#78,test_iid,location,1,0.9654
agnostic_nonlinear,1,general_11#79,test_iid,action,0,1.1588
agnostic_nonlinear,1,general_11#92,test_iid,action,0,1.1418
agnostic_nonlinear,1,general_11#93,test_iid,location,1,1.2572
agnostic_nonlinear,1,general_12#4,test_iid,action,0,1.5205
agnostic_nonlinear,1,general_12#61,test_iid,action,1,0.7978
agnostic_nonlinear,1,general_12#75,test_iid,location,1,0.5363
agnostic_nonlinear,1,general_12#82,test_iid,location,1,0.4807
agnostic_nonlinear,1,general_12#93,test_iid,action,0,1.5004
agnostic_nonlinear,1,general_13#37,test_iid,action,0,1.1906
agnostic_nonlinear,1,general_13#40,test_iid,action,0,1.2983
agnostic_nonlinear,1,general_13#48,test_iid,action,1,0.6188
agnostic_nonlinear,1,general_13#66,test_iid,action,0,1.1366
agnostic_nonlinear,1,general_13#73,test_iid,location,0,1.3828
agnostic_nonlinear,1,general_14#5,test_iid,action,0,1.1278
agnostic_nonlinear,1,general_14#27,test_iid,action,1,0.7708
agnostic_nonlinear,1,general_14#35,test_iid,action,0,1.5605
agnostic_nonlinear,1,general_14#53,test_iid,location,0,1.4003
agnostic_nonlinear,1,general_14#54,test_iid,location,0,2.3146
agnostic_nonlinear,1,general_14#68,test_iid,location,1,0.577
agnostic_nonlinear,1,general_14#83,test_iid,action,0,1.1418
agnostic_nonlinear,1,general_14#86,test_iid,action,1,0.7231
agnostic_nonlinear,1,general_14#90,test_iid,location,1,0.3103
agnostic_nonlinear,1,general_15#20,test_iid,location,0,1.0211
agnostic_nonlinear,1,general_15#24,test_iid,location,1,1.0228
agnostic_nonlinear,1,general_15#39,test_iid,location,1,0.8574
agnostic_nonlinear,1,general_15#62,test_iid,action,0,1.3972
agnostic_nonlinear,1,general_15#80,test_iid,action,0,0.959
agnostic_nonlinear,1,general_15#89,test_iid,action,1,0.7978
agnostic_nonlinear,1,heldout_location_01#1,test_family,location,0,1.305
agnostic_nonlinear,1,heldout_location_01#2,test_family,location,1,0.9172
agnostic_nonlinear,1,heldout_location_01#3,test_family,location,1,0.8595
agnostic_nonlinear,1,heldout_location_01#4,test_family,location,0,1.9631
agnostic_nonlinear,1,heldout_location_01#5,test_family,location,0,1.1803
agnostic_nonlinear,1,heldout_location_01#6,test_family,location,0,1.6074
agnostic_nonlinear,1,heldout_location_01#7,test_family,location,0,1.3146
agnostic_nonlinear,1,heldout_location_01#8,test_family,location,0,1.5194
agnostic_nonlinear,1,heldout_location_01#9,test_family,location,1,0.9851
agnostic_nonlinear,1,heldout_location_01#10,test_family,location,0,0.7688
agnostic_nonlinear,1,heldout_location_01#11,test_family,location,0,1.7271
agnostic_nonlinear,1,heldout_location_01#12,test_family,location,0,1.7198
agnostic_nonlinear,1,heldout_location_01#13,test_family,location,0,1.3406
agnostic_nonlinear,1,heldout_location_01#14,test_family,location,0,1.2749
agnostic_nonlinear,1,heldout_location_01#15,test_family,location,0,1.3323
agnostic_nonlinear,1,heldout_location_01#16,test_family,location,0,1.1011
agnostic_nonlinear,1,heldout_location_01#17,test_family,location,1,0.8823
agnostic_nonlinear,1,heldout_location_01#18,test_family,location,1,1.5968
agnostic_nonlinear,1,heldout_location_01#19,test_family,location,0,1.2723
agnostic_nonlinear,1,heldout_location_01#20,test_family,action,1,0.965
agnostic_nonlinear,1,heldout_location_01#21,test_family,action,0,1.1403
agnostic_nonlinear,1,heldout_location_01#22,test_family,action,0,1.4023
agnostic_nonlinear,1,heldout_location_01#23,test_family,action,0,1.1088
agnostic_nonlinear,1,heldout_location_01#24,test_family,action,0,1.347
agnostic_nonlinear,1,heldout_location_01#25,test_family,action,1,0.9443
agnostic_nonlinear,1,heldout_location_01#26,test_family,action,0,1.301
agnostic_nonlinear,1,heldout_location_01#27,test_family,action,0,1.3563
agnostic_nonlinear,1,heldout_location_01#28,test_family,action,0,1.2665
agnostic_nonlinear,1,heldout_location_01#29,test_family,action,1,0.9016
agnostic_nonlinear,1,heldout_location_01#30,test_family,action,1,0.7005
agnostic_nonlinear,1,heldout_location_01#31,test_family,action,0,1.0823
agnostic_nonlinear,1,heldout_location_01#32,test_family,action,1,0.8657
agnostic_nonlinear,1,heldout_location_01#33,test_family,action,0,1.4023
agnostic_nonlinear,1,heldout_location_01#34,test_family,action,0,1.0937
agnostic_nonlinear,1,heldout_location_01#35,test_family,action,1,0.8615
agnostic_nonlinear,1,heldout_location_01#36,test_family,action,1,0.9016
agnostic_nonlinear,1,heldout_location_01#37,test_family,action,0,1.4023
agnostic_nonlinear,1,personality_01#1,test_pers,location,0,1.6328
agnostic_nonlinear,1,personality_01#2,test_pers,location,1,1.1288
agnostic_nonlinear,1,personality_01#3,test_pers,location,0,1.1243
agnostic_nonlinear,1,personality_01#4,test_pers,location,0,1.63
agnostic_nonlinear,1,personality_01#5,test_pers,location,0,1.6367
agnostic_nonlinear,1,personality_01#6,test_pers,location,0,1.5317
agnostic_nonlinear,1,personality_01#7,test_pers,location,1,1.0945
agnostic_nonlinear,1,personality_01#8,test_pers,location,0,1.0417
agnostic_nonlinear,1,personality_01#9,test_pers,location,0,1.288
agnostic_nonlinear,1,personality_01#10,test_pers,location,0,2.0343
agnostic_nonlinear,1,personality_01#11,test_pers,location,1,0.9249
agnostic_nonlinear,1,personality_01#12,test_pers,location,0,1.5613
agnostic_nonlinear,1,personality_01#13,test_pers,location,0,1.7054
agnostic_nonlinear,1,personality_01#14,test_pers,location,0,1.1334
agnostic_nonlinear,1,personality_01#15,test_pers,location,0,1.7407
agnostic_nonlinear,1,personality_01#16,test_pers,location,0,1.7815
agnostic_nonlinear,1,personality_01#17,test_pers,location,0,1.2559
agnostic_nonlinear,1,personality_01#18,test_pers,location,1,1.097
agnostic_nonlinear,1,personality_01#19,test_pers,location,1,0.9527
agnostic_nonlinear,1,personality_01#20,test_pers,action,1,0.6279
agnostic_nonlinear,1,personality_01#21,test_pers,action,1,0.86
agnostic_nonlinear,1,personality_01#22,test_pers,action,0,1.3544
agnostic_nonlinear,1,personality_01#23,test_pers,action,0,1.5723
agnostic_nonlinear,1,personality_01#24,test_pers,action,0,1.3377
agnostic_nonlinear,1,personality_01#25,test_pers,action,0,3.3042
agnostic_nonlinear,1,personality_01#26,test_pers,action,1,0.5813
agnostic_nonlinear,1,personality_01#27,test_pers,action,0,1.3415
agnostic_nonlinear,1,personality_01#28,test_pers,action,1,0.9972
agnostic_nonlinear,1,personality_01#29,test_pers,action,1,0.5855
agnostic_nonlinear,1,personality_01#30,test_pers,action,0,1.1813
agnostic_nonlinear,1,personality_01#31,test_pers,action,0,2.2546
agnostic_nonlinear,1,personality_01#32,test_pers,action,0,0.7716
agnostic_nonlinear,1,personality_01#33,test_pers,action,0,1.0434
agnostic_nonlinear,1,personality_01#34,test_pers,action,0,1.3356
agnostic_nonlinear,1,personality_01#35,test_pers,action,1,0.6642
agnostic_nonlinear,1,personality_01#36,test_pers,action,1,0.8147
agnostic_nonlinear,1,personality_01#37,test_pers,action,0,1.4974
agnostic_nonlinear,1,personality_01#38,test_pers,action,0,1.2442
agnostic_nonlinear,2,general_01#74,test_iid,action,0,1.4376
agnostic_nonlinear,2,general_01#75,test_iid,location,0,1.2026
agnostic_nonlinear,2,general_01#93,test_iid,action,1,0.9014
agnostic_nonlinear,2,general_01#94,test_iid,action,1,1.2797
agnostic_nonlinear,2,general_02#32,test_iid,action,1,0.8811
agnostic_nonlinear,2,general_02#35,test_iid,location,0,1.9908
agnostic_nonlinear,2,general_02#61,test_iid,action,0,1.4885
agnostic_nonlinear,2,general_02#65,test_iid,location,0,0.9907
agnostic_nonlinear,2,general_03#3,test_iid,location,1,1.3058
agnostic_nonlinear,2,general_03#14,test_iid,location,1,1.1233
agnostic_nonlinear,2,general_03#17,test_iid,location,0,1.4528
agnostic_nonlinear,2,general_03#18,test_iid,location,1,0.8623
agnostic_nonlinear,2,general_03#98,test_iid,action,0,1.0418
agnostic_nonlinear,2,general_04#10,test_iid,location,0,1.2825
agnostic_nonlinear,2,general_04#23,test_iid,location,0,0.9454
agnostic_nonlinear,2,general_04#29,test_iid,location,0,1.6871
agnostic_nonlinear,2,general_04#52,test_iid,location,1,0.4373
agnostic_nonlinear,2,general_04#57,test_iid,action,1,0.6352
agnostic_nonlinear,2,general_04#85,test_iid,location,1,0.8506
agnostic_nonlinear,2,general_05#36,test_iid,action,0,1.7524
agnostic_nonlinear,2,general_05#94,test_iid,location,1,0.3509
agnostic_nonlinear,2,general_05#99,test_iid,location,1,0.6355
agnostic_nonlinear,2,general_06#11,test_iid,location,1,1.1248
agnostic_nonlinear,2,general_06#28,test_iid,location,0,1.5718
agnostic_nonlinear,2,general_06#33,test_iid,action,1,0.9014
agnostic_nonlinear,2,general_06#50,test_iid,location,0,1.7879
agnostic_nonlinear,2,general_06#67,test_iid,location,1,0.6086
agnostic_nonlinear,2,general_06#72,test_iid,location,1,1.0229
agnostic_nonlinear,2,general_06#84,test_iid,location,1,1.4753
agnostic_nonlinear,2,general_06#89,test_iid,location,0,2.0964
agnostic_nonlinear,2,general_07#70,test_iid,action,1,0.6352
agnostic_nonlinear,2,general_07#80,test_iid,location,1,1.4039
agnostic_nonlinear,2,general_07#95,test_iid,action,0,1.3561
agnostic_nonlinear,2,general_07#96,test_iid,action,0,1.0321
agnostic_nonlinear,2,general_08#17,test_iid,action,1,0.8801
agnostic_nonlinear,2,general_08#24,test_iid,action,0,1.4376
agnostic_nonlinear,2,general_08#44,test_iid,action,0,1.1852
agnostic_nonlinear,2,general_08#50,test_iid,action,0,1.3823
agnostic_nonlinear,2,general_09#18,test_iid,location,0,1.4867
agnostic_nonlinear,2,general_09#47,test_iid,location,1,0.9759
agnostic_nonlinear,2,general_09#50,test_iid,action,1,0.8279
agnostic_nonlinear,2,general_09#84,test_iid,location,1,0.3747
agnostic_nonlinear,2,general_09#96,test_iid,action,0,1.093
agnostic_nonlinear,2,general_09#100,test_iid,location,0,2.1923
agnostic_nonlinear,2,general_10#88,test_iid,location,0,1.8202
agnostic_nonlinear,2,general_10#99,test_iid,location,1,0.6771
agnostic_nonlinear,2,general_11#6,test_iid,action,0,0.8693
agnostic_nonlinear,2,general_11#23,test_iid,action,1,0.9093
agnostic_nonlinear,2,general_11#68,test_iid,action,0,1.2585
agnostic_nonlinear,2,general_11#73,test_iid,action,1,1.0673
agnostic_nonlinear,2,general_11#78,test_iid,location,1,1.0053
agnostic_nonlinear,2,general_11#79,test_iid,action,0,1.1626
agnostic_nonlinear,2,general_11#92,test_iid,action,0,1.0896
agnostic_nonlinear,2,general_11#93,test_iid,location,1,1.2855
agnostic_nonlinear,2,general_12#4,test_iid,action,0,1.4376
agnostic_nonlinear,2,general_12#61,test_iid,action,1,0.8079
agnostic_nonlinear,2,general_12#75,test_iid,location,1,0.4871
agnostic_nonlinear,2,general_12#82,test_iid,location,1,0.5057
agnostic_nonlinear,2,general_12#93,test_iid,action,0,1.3499
agnostic_nonlinear,2,general_13#37,test_iid,action,0,1.093
agnostic_nonlinear,2,general_13#40,test_iid,action,0,1.2955
agnostic_nonlinear,2,general_13#48,test_iid,action,1,0.5945
agnostic_nonlinear,2,general_13#66,test_iid,action,0,1.0991
agnostic_nonlinear,2,general_13#73,test_iid,location,0,1.3121
agnostic_nonlinear,2,general_14#5,test_iid,action,0,1.0867
agnostic_nonlinear,2,general_14#27,test_iid,action,1,0.6893
agnostic_nonlinear,2,general_14#35,test_iid,action,0,1.3359
agnostic_nonlinear,2,general_14#53,test_iid,location,0,1.3156
agnostic_nonlinear,2,general_14#54,test_iid,location,0,2.3043
agnostic_nonlinear,2,general_14#68,test_iid,location,1,0.613
agnostic_nonlinear,2,general_14#83,test_iid,action,0,1.0896
agnostic_nonlinear,2,general_14#86,test_iid,action,1,0.7619
agnostic_nonlinear,2,general_14#90,test_iid,location,1,0.3385
agnostic_nonlinear,2,general_15#20,test_iid,location,0,1.0259
agnostic_nonlinear,2,general_15#24,test_iid,location,1,1.1339
agnostic_nonlinear,2,general_15#39,test_iid,location,1,0.8644
agnostic_nonlinear,2,general_15#62,test_iid,action,0,1.3701
agnostic_nonlinear,2,general_15#80,test_iid,action,0,0.8971
agnostic_nonlinear,2,general_15#89,test_iid,action,1,0.8079
agnostic_nonlinear,2,heldout_location_01#1,test_family,location,0,1.4703
agnostic_nonlinear,2,heldout_location_01#2,test_family,location,1,0.8738
agnostic_nonlinear,2,heldout_location_01#3,test_family,location,1,0.9399
agnostic_nonlinear,2,heldout_location_01#4,test_family,location,0,1.7282
agnostic_nonlinear,2,heldout_location_01#5,test_family,location,0,1.0662
agnostic_nonlinear,2,heldout_location_01#6,test_family,location,0,1.6257
agnostic_nonlinear,2,heldout_location_01#7,test_family,location,0,1.401
agnostic_nonlinear,2,heldout_location_01#8,test_family,location,0,1.5554
agnostic_nonlinear,2,heldout_location_01#9,test_family,location,1,0.9456
agnostic_nonlinear,2,heldout_location_01#10,test_family,location,0,0.73
agnostic_nonlinear,2,heldout_location_01#11,test_family,location,0,1.7069
agnostic_nonlinear,2,heldout_location_01#12,test_family,location,0,1.7101
agnostic_nonlinear,2,heldout_location_01#13,test_family,location,0,1.4389
agnostic_nonlinear,2,heldout_location_01#14,test_family,location,0,1.3335
agnostic_nonlinear,2,heldout_location_01#15,test_family,location,0,1.4408
agnostic_nonlinear,2,heldout_location_01#16,test_family,location,0,1.0825
agnostic_nonlinear,2,heldout_location_01#17,test_family,location,0,1.0197
agnostic_nonlinear,2,heldout_location_01#18,test_family,location,1,1.543
agnostic_nonlinear,2,heldout_location_01#19,test_family,location,0,1.3085
agnostic_nonlinear,2,heldout_location_01#20,test_family,action,0,1.0477
agnostic_nonlinear,2,heldout_location_01#21,test_family,action,0,1.2702
agnostic_nonlinear,2,heldout_location_01#22,test_family,action,0,1.3829
agnostic_nonlinear,2,heldout_location_01#23,test_family,action,0,1.2173
agnostic_nonlinear,2,heldout_location_01#24,test_family,action,0,1.2779
agnostic_nonlinear,2,heldout_location_01#25,test_family,action,0,1.079
agnostic_nonlinear,2,heldout_location_01#26,test_family,action,1,1.0389
agnostic_nonlinear,2,heldout_location_01#27,test_family,action,0,1.3399
agnostic_nonlinear,2,heldout_location_01#28,test_family,action,0,1.2164
agnostic_nonlinear,2,heldout_location_01#29,test_family,action,1,0.8109
agnostic_nonlinear,2,heldout_location_01#30,test_family,action,1,0.7189
agnostic_nonlinear,2,heldout_location_01#31,test_family,action,0,1.1835
agnostic_nonlinear,2,heldout_location_01#32,test_family,action,1,0.9553
agnostic_nonlinear,2,heldout_location_01#33,test_family,action,0,1.3829
agnostic_nonlinear,2,heldout_location_01#34,test_family,action,0,1.1819
agnostic_nonlinear,2,heldout_location_01#35,test_family,action,1,0.9419
agnostic_nonlinear,2,heldout_location_01#36,test_family,action,1,0.8109
agnostic_nonlinear,2,heldout_location_01#37,test_family,action,0,1.3829
agnostic_nonlinear,2,personality_01#1,test_pers,location,0,1.6319
agnostic_nonlinear,2,personality_01#2,test_pers,location,1,1.1394
agnostic_nonlinear,2,personality_01#3,test_pers,location,0,1.2293
agnostic_nonlinear,2,personality_01#4,test_pers,location,0,1.6755
agnostic_nonlinear,2,personality_01#5,test_pers,location,0,1.548
agnostic_nonlinear,2,personality_01#6,test_pers,location,0,1.5504
agnostic_nonlinear,2,personality_01#7,test_pers,location,1,1.099
agnostic_nonlinear,2,personality_01#8,test_pers,location,1,1.0307
agnostic_nonlinear,2,personality_01#9,test_pers,location,0,1.2284
agnostic_nonlinear,2,personality_01#10,test_pers,location,0,2.0964
agnostic_nonlinear,2,personality_01#11,test_pers,location,1,0.9471
agnostic_nonlinear,2,personality_01#12,test_pers,location,0,1.4511
agnostic_nonlinear,2,personality_01#13,test_pers,location,0,1.7287
agnostic_nonlinear,2,personality_01#14,test_pers,location,0,1.0976
agnostic_nonlinear,2,personality_01#15,test_pers,location,0,1.7539
agnostic_nonlinear,2,personality_01#16,test_pers,location,0,1.7719
agnostic_nonlinear,2,personality_01#17,test_pers,location,0,1.2491
agnostic_nonlinear,2,personality_01#18,test_pers,location,1,1.1168
agnostic_nonlinear,2,personality_01#19,test_pers,location,0,1.0554
agnostic_nonlinear,2,personality_01#20,test_pers,action,1,0.7852
agnostic_nonlinear,2,personality_01#21,test_pers,action,1,0.8928
agnostic_nonlinear,2,personality_01#22,test_pers,action,0,1.3561
agnostic_nonlinear,2,personality_01#23,test_pers,action,0,1.5586
agnostic_nonlinear,2,personality_01#24,test_pers,action,0,1.2121
agnostic_nonlinear,2,personality_01#25,test_pers,action,0,3.0509
agnostic_nonlinear,2,personality_01#26,test_pers,action,1,0.6541
agnostic_nonlinear,2,personality_01#27,test_pers,action,0,1.3226
agnostic_nonlinear,2,personality_01#28,test_pers,action,1,1.0673
agnostic_nonlinear,2,personality_01#29,test_pers,action,1,0.6352
agnostic_nonlinear,2,personality_01#30,test_pers,action,0,1.2457
agnostic_nonlinear,2,personality_01#31,test_pers,action,0,2.2124
agnostic_nonlinear,2,personality_01#32,test_pers,action,0,0.8123
agnostic_nonlinear,2,personality_01#33,test_pers,action,0,0.979
agnostic_nonlinear,2,personality_01#34,test_pers,action,0,1.146
agnostic_nonlinear,2,personality_01#35,test_pers,action,1,0.7626
agnostic_nonlinear,2,personality_01#36,test_pers,action,1,0.8279
agnostic_nonlinear,2,personality_01#37,test_pers,action,0,1.5045
agnostic_nonlinear,2,personality_01#38,test_pers,action,0,1.1622
agnostic_nonlinear,3,general_01#74,test_iid,action,0,1.465
agnostic_nonlinear,3,general_01#75,test_iid,location,0,1.3006
agnostic_nonlinear,3,general_01#93,test_iid,action,1,0.8703
agnostic_nonlinear,3,general_01#94,test_iid,action,1,1.2346
agnostic_nonlinear,3,general_02#32,test_iid,action,1,0.7838
agnostic_nonlinear,3,general_02#35,test_iid,location,0,1.7995
agnostic_nonlinear,3,general_02#61,test_iid,action,0,1.35
agnostic_nonlinear,3,general_02#65,test_iid,location,0,1.0289
agnostic_nonlinear,3,general_03#3,test_iid,location,1,1.2423
agnostic_nonlinear,3,general_03#14,test_iid,location,1,1.1546
agnostic_nonlinear,3,general_03#17,test_iid,location,0,1.4616
agnostic_nonlinear,3,general_03#18,test_iid,location,1,0.8677
agnostic_nonlinear,3,general_03#98,test_iid,action,0,1.0259
agnostic_nonlinear,3,general_04#10,test_iid,location,0,1.2786
agnostic_nonlinear,3,general_04#23,test_iid,location,0,0.9088
agnostic_nonlinear,3,general_04#29,test_iid,location,0,1.603
agnostic_nonlinear,3,general_04#52,test_iid,location,1,0.4362
agnostic_nonlinear,3,general_04#57,test_iid,action,1,0.6294
agnostic_nonlinear,3,general_04#85,test_iid,location,1,0.8925
agnostic_nonlinear,3,general_05#36,test_iid,action,0,1.8428
agnostic_nonlinear,3,general_05#94,test_iid,location,1,0.4049
agnostic_nonlinear,3,general_05#99,test_iid,location,1,0.6135
agnostic_nonlinear,3,general_06#11,test_iid,location,1,1.0736
agnostic_nonlinear,3,general_06#28,test_iid,location,0,1.6086
agnostic_nonlinear,3,general_06#33,test_iid,action,1,0.8703
agnostic_nonlinear,3,general_06#50,test_iid,location,0,1.7325
agnostic_nonlinear,3,general_06#67,test_iid,location,1,0.5551
agnostic_nonlinear,3,general_06#72,test_iid,location,1,1.0787
agnostic_nonlinear,3,general_06#84,test_iid,location,1,1.4926
agnostic_nonlinear,3,general_06#89,test_iid,location,0,1.9906
agnostic_nonlinear,3,general_07#70,test_iid,action,1,0.6294
agnostic_nonlinear,3,general_07#80,test_iid,location,1,1.4242
agnostic_nonlinear,3,general_07#95,test_iid,action,0,1.2988
agnostic_nonlinear,3,general_07#96,test_iid,action,1,0.9957
agnostic_nonlinear,3,general_08#17,test_iid,action,1,0.7785
agnostic_nonlinear,3,general_08#24,test_iid,action,0,1.465
agnostic_nonlinear,3,general_08#44,test_iid,action,0,1.1517
agnostic_nonlinear,3,general_08#50,test_iid,action,0,1.3481
agnostic_nonlinear,3,general_09#18,test_iid,location,0,1.4654
agnostic_nonlinear,3,general_09#47,test_iid,location,1,1.0513
agnostic_nonlinear,3,general_09#50,test_iid,action,1,0.8744
agnostic_nonlinear,3,general_09#84,test_iid,location,1,0.3384
agnostic_nonlinear,3,general_09#96,test_iid,action,0,1.2534
agnostic_nonlinear,3,general_09#100,test_iid,location,0,2.3337
agnostic_nonlinear,3,general_10#88,test_iid,location,0,1.8409
agnostic_nonlinear,3,general_10#99,test_iid,location,1,0.6676
agnostic_nonlinear,3,general_11#6,test_iid,action,0,0.7913
agnostic_nonlinear,3,general_11#23,test_iid,action,1,0.8495
agnostic_nonlinear,3,general_11#68,test_iid,action,0,1.2179
agnostic_nonlinear,3,general_11#73,test_iid,action,1,0.9516
agnostic_nonlinear,3,general_11#78,test_iid,location,1,0.952
agnostic_nonlinear,3,general_11#79,test_iid,action,0,1.1786
agnostic_nonlinear,3,general_11#92,test_iid,action,0,1.1766
agnostic_nonlinear,3,general_11#93,test_iid,location,1,1.3223
agnostic_nonlinear,3,general_12#4,test_iid,action,0,1.465
agnostic_nonlinear,3,general_12#61,test_iid,action,0,0.8631
agnostic_nonlinear,3,general_12#75,test_iid,location,1,0.5602
agnostic_nonlinear,3,general_12#82,test_iid,location,1,0.5031
agnostic_nonlinear,3,general_12#93,test_iid,action,0,1.392
agnostic_nonlinear,3,general_13#37,test_iid,action,0,1.2534
agnostic_nonlinear,3,general_13#40,test_iid,action,0,1.2667
agnostic_nonlinear,3,general_13#48,test_iid,action,1,0.6695
agnostic_nonlinear,3,general_13#66,test_iid,action,0,1.0914
agnostic_nonlinear,3,general_13#73,test_iid,location,0,1.3326
agnostic_nonlinear,3,general_14#5,test_iid,action,0,1.1282
agnostic_nonlinear,3,general_14#27,test_iid,action,1,0.7863
agnostic_nonlinear,3,general_14#35,test_iid,action,0,1.4868
agnostic_nonlinear,3,general_14#53,test_iid,location,0,1.4017
agnostic_nonlinear,3,general_14#54,test_iid,location,0,2.2179
agnostic_nonlinear,3,general_14#68,test_iid,location,1,0.5855
agnostic_nonlinear,3,general_14#83,test_iid,action,0,1.1766
agnostic_nonlinear,3,general_14#86,test_iid,action,1,0.7975
agnostic_nonlinear,3,general_14#90,test_iid,location,1,0.3511
agnostic_nonlinear,3,general_15#20,test_iid,location,0,1.0366
agnostic_nonlinear,3,general_15#24,test_iid,location,1,1.0517
agnostic_nonlinear,3,general_15#39,test_iid,location,1,0.893
agnostic_nonlinear,3,general_15#62,test_iid,action,0,1.4049
agnostic_nonlinear,3,general_15#80,test_iid,action,0,1.0403
agnostic_nonlinear,3,general_15#89,test_iid,action,0,0.8631
agnostic_nonlinear,3,heldout_location_01#1,test_family,location,0,1.2335
agnostic_nonlinear,3,heldout_location_01#2,test_family,location,0,0.9819
agnostic_nonlinear,3,heldout_location_01#3,test_family,location,1,0.8435
agnostic_nonlinear,3,heldout_location_01#4,test_family,location,0,1.9122
agnostic_nonlinear,3,heldout_location_01#5,test_family,location,0,1.2127
agnostic_nonlinear,3,heldout_location_01#6,test_family,location,0,1.5949
agnostic_nonlinear,3,heldout_location_01#7,test_family,location,0,1.2084
agnostic_nonlinear,3,heldout_location_01#8,test_family,location,0,1.4968
agnostic_nonlinear,3,heldout_location_01#9,test_family,location,1,1.0359
agnostic_nonlinear,3,heldout_location_01#10,test_family,location,0,0.7888
agnostic_nonlinear,3,heldout_location_01#11,test_family,location,0,1.7324
agnostic_nonlinear,3,heldout_location_01#12,test_family,location,0,1.7172
agnostic_nonlinear,3,heldout_location_01#13,test_family,location,0,1.3024
agnostic_nonlinear,3,heldout_location_01#14,test_family,location,0,1.2567
agnostic_nonlinear,3,heldout_location_01#15,test_family,location,0,1.2707
agnostic_nonlinear,3,heldout_location_01#16,test_family,location,0,1.1036
agnostic_nonlinear,3,heldout_location_01#17,test_family,location,1,0.8268
agnostic_nonlinear,3,heldout_location_01#18,test_family,location,0,1.6482
agnostic_nonlinear,3,heldout_location_01#19,test_family,location,0,1.2259
agnostic_nonlinear,3,heldout_location_01#20,test_family,action,1,0.8976
agnostic_nonlinear,3,heldout_location_01#21,test_family,action,0,1.2202
agnostic_nonlinear,3,heldout_location_01#22,test_family,action,0,1.4581
agnostic_nonlinear,3,heldout_location_01#23,test_family,action,0,1.2329
agnostic_nonlinear,3,heldout_location_01#24,test_family,action,0,1.4053
agnostic_nonlinear,3,heldout_location_01#25,test_family,action,1,0.9616
agnostic_nonlinear,3,heldout_location_01#26,test_family,action,0,1.1832
agnostic_nonlinear,3,heldout_location_01#27,test_family,action,0,1.1046
agnostic_nonlinear,3,heldout_location_01#28,test_family,action,0,1.2921
agnostic_nonlinear,3,heldout_location_01#29,test_family,action,1,0.7812
agnostic_nonlinear,3,heldout_location_01#30,test_family,action,1,0.8301
agnostic_nonlinear,3,heldout_location_01#31,test_family,action,0,1.1667
agnostic_nonlinear,3,heldout_location_01#32,test_family,action,1,0.816
agnostic_nonlinear,3,heldout_location_01#33,test_family,action,0,1.4581
agnostic_nonlinear,3,heldout_location_01#34,test_family,action,0,1.2196
agnostic_nonlinear,3,heldout_location_01#35,test_family,action,1,0.7997
agnostic_nonlinear,3,heldout_location_01#36,test_family,action,1,0.7812
agnostic_nonlinear,3,heldout_location_01#37,test_family,action,0,1.4581
agnostic_nonlinear,3,personality_01#1,test_pers,location,0,1.5437
agnostic_nonlinear,3,personality_01#2,test_pers,location,1,1.1674
agnostic_nonlinear,3,personality_01#3,test_pers,location,0,1.1043
agnostic_nonlinear,3,personality_01#4,test_pers,location,0,1.6008
agnostic_nonlinear,3,personality_01#5,test_pers,location,0,1.6361
agnostic_nonlinear,3,personality_01#6,test_pers,location,0,1.4965
agnostic_nonlinear,3,personality_01#7,test_pers,location,1,1.1526
agnostic_nonlinear,3,personality_01#8,test_pers,location,0,1.056
agnostic_nonlinear,3,personality_01#9,test_pers,location,0,1.3108
agnostic_nonlinear,3,personality_01#10,test_pers,location,0,1.9906
agnostic_nonlinear,3,personality_01#11,test_pers,location,1,0.9596
agnostic_nonlinear,3,personality_01#12,test_pers,location,0,1.5025
agnostic_nonlinear,3,personality_01#13,test_pers,location,0,1.6651
agnostic_nonlinear,3,personality_01#14,test_pers,location,0,1.1297
agnostic_nonlinear,3,personality_01#15,test_pers,location,0,1.6623
agnostic_nonlinear,3,personality_01#16,test_pers,location,0,1.8015
agnostic_nonlinear,3,personality_01#17,test_pers,location,0,1.2625
agnostic_nonlinear,3,personality_01#18,test_pers,location,1,1.1544
agnostic_nonlinear,3,personality_01#19,test_pers,location,1,0.9422
agnostic_nonlinear,3,personality_01#20,test_pers,action,1,0.6128
agnostic_nonlinear,3,personality_01#21,test_pers,action,1,0.8847
agnostic_nonlinear,3,personality_01#22,test_pers,action,0,1.2988
agnostic_nonlinear,3,personality_01#23,test_pers,action,0,1.5166
agnostic_nonlinear,3,personality_01#24,test_pers,action,0,1.2039
agnostic_nonlinear,3,personality_01#25,test_pers,action,0,3.1388
agnostic_nonlinear,3,personality_01#26,test_pers,action,1,0.6399
agnostic_nonlinear,3,personality_01#27,test_pers,action,0,1.373
agnostic_nonlinear,3,personality_01#28,test_pers,action,1,0.9516
agnostic_nonlinear,3,personality_01#29,test_pers,action,1,0.6294
agnostic_nonlinear,3,personality_01#30,test_pers,action,0,1.2577
agnostic_nonlinear,3,personality_01#31,test_pers,action,0,2.2167
agnostic_nonlinear,3,personality_01#32,test_pers,action,0,0.836
agnostic_nonlinear,3,personality_01#33,test_pers,action,0,1.0529
agnostic_nonlinear,3,personality_01#34,test_pers,action,0,1.1875
agnostic_nonlinear,3,personality_01#35,test_pers,action,1,0.7479
agnostic_nonlinear,3,personality_01#36,test_pers,action,1,0.8744
agnostic_nonlinear,3,personality_01#37,test_pers,action,0,1.4636
agnostic_nonlinear,3,personality_01#38,test_pers,action,0,1.2338
agnostic_nonlinear,4,general_01#74,test_iid,action,0,1.5041
agnostic_nonlinear,4,general_01#75,test_iid,location,0,1.2663
agnostic_nonlinear,4,general_01#93,test_iid,action,1,0.9132
agnostic_nonlinear,4,general_01#94,test_iid,action,1,1.2471
agnostic_nonlinear,4,general_02#32,test_iid,action,1,0.7561
agnostic_nonlinear,4,general_02#35,test_iid,location,0,1.8913
agnostic_nonlinear,4,general_02#61,test_iid,action,0,1.394
agnostic_nonlinear,4,general_02#65,test_iid,location,0,0.9842
agnostic_nonlinear,4,general_03#3,test_iid,location,1,1.3165
agnostic_nonlinear,4,general_03#14,test_iid,location,1,1.1478
agnostic_nonlinear,4,general_03#17,test_iid,location,0,1.4837
agnostic_nonlinear,4,general_03#18,test_iid,location,1,0.8618
agnostic_nonlinear,4,general_03#98,test_iid,action,0,0.9848
agnostic_nonlinear,4,general_04#10,test_iid,location,0,1.2626
agnostic_nonlinear,4,general_04#23,test_iid,location,0,0.9695
agnostic_nonlinear,4,general_04#29,test_iid,location,0,1.6653
agnostic_nonlinear,4,general_04#52,test_iid,location,1,0.4634
agnostic_nonlinear,4,general_04#57,test_iid,action,1,0.6698
agnostic_nonlinear,4,general_04#85,test_iid,location,1,0.9571
agnostic_nonlinear,4,general_05#36,test_iid,action,0,1.725
agnostic_nonlinear,4,general_05#94,test_iid,location,1,0.4169
agnostic_nonlinear,4,general_05#99,test_iid,location,1,0.5973
agnostic_nonlinear,4,general_06#11,test_iid,location,1,1.0878
agnostic_nonlinear,4,general_06#28,test_iid,location,0,1.6523
agnostic_nonlinear,4,general_06#33,test_iid,action,1,0.9132
agnostic_nonlinear,4,general_06#50,test_iid,location,0,1.7339
agnostic_nonlinear,4,general_06#67,test_iid,location,1,0.5801
agnostic_nonlinear,4,general_06#72,test_iid,location,1,1.0086
agnostic_nonlinear,4,general_06#84,test_iid,location,1,1.4565
agnostic_nonlinear,4,general_06#89,test_iid,location,0,2.0543
agnostic_nonlinear,4,general_07#70,test_iid,action,1,0.6698
agnostic_nonlinear,4,general_07#80,test_iid,location,1,1.4184
agnostic_nonlinear,4,general_07#95,test_iid,action,0,1.3844
agnostic_nonlinear,4,general_07#96,test_iid,action,1,0.9815
agnostic_nonlinear,4,general_08#17,test_iid,action,1,0.7672
agnostic_nonlinear,4,general_08#24,test_iid,action,0,1.5041
agnostic_nonlinear,4,general_08#44,test_iid,action,0,1.069
agnostic_nonlinear,4,general_08#50,test_iid,action,0,1.2014
agnostic_nonlinear,4,general_09#18,test_iid,location,0,1.4591
agnostic_nonlinear,4,general_09#47,test_iid,location,1,1.0488
agnostic_nonlinear,4,general_09#50,test_iid,action,1,0.9053
agnostic_nonlinear,4,general_09#84,test_iid,location,1,0.3395
agnostic_nonlinear,4,general_09#96,test_iid,action,0,1.2067
agnostic_nonlinear,4,general_09#100,test_iid,location,0,2.3241
agnostic_nonlinear,4,general_10#88,test_iid,location,0,1.8051
agnostic_nonlinear,4,general_10#99,test_iid,location,1,0.6754
agnostic_nonlinear,4,general_11#6,test_iid,action,0,0.919
agnostic_nonlinear,4,general_11#23,test_iid,action,1,0.8672
agnostic_nonlinear,4,general_11#68,test_iid,action,0,1.131
agnostic_nonlinear,4,general_11#73,test_iid,action,1,0.9986
agnostic_nonlinear,4,general_11#78,test_iid,location,1,1.008
agnostic_nonlinear,4,general_11#79,test_iid,action,0,1.1462
agnostic_nonlinear,4,general_11#92,test_iid,action,0,1.0548
agnostic_nonlinear,4,general_11#93,test_iid,location,1,1.3154
agnostic_nonlinear,4,general_12#4,test_iid,action,0,1.5041
agnostic_nonlinear,4,general_12#61,test_iid,action,1,0.7872
agnostic_nonlinear,4,general_12#75,test_iid,location,1,0.5014
agnostic_nonlinear,4,general_12#82,test_iid,location,1,0.523
agnostic_nonlinear,4,general_12#93,test_iid,action,0,1.3787
agnostic_nonlinear,4,general_13#37,test_iid,action,0,1.2067
agnostic_nonlinear,4,general_13#40,test_iid,action,0,1.2941
agnostic_nonlinear,4,general_13#48,test_iid,action,1,0.6276
agnostic_nonlinear,4,general_13#66,test_iid,action,0,1.1537
agnostic_nonlinear,4,general_13#73,test_iid,location,0,1.3714
agnostic_nonlinear,4,general_14#5,test_iid,action,0,1.0569
agnostic_nonlinear,4,general_14#27,test_iid,action,1,0.7773
agnostic_nonlinear,4,general_14#35,test_iid,action,0,1.619
agnostic_nonlinear,4,general_14#53,test_iid,location,0,1.3621
agnostic_nonlinear,4,general_14#54,test_iid,location,0,2.2011
agnostic_nonlinear,4,general_14#68,test_iid,location,1,0.6054
agnostic_nonlinear,4,general_14#83,test_iid,action,0,1.0548
agnostic_nonlinear,4,general_14#86,test_iid,action,1,0.726
agnostic_nonlinear,4,general_14#90,test_iid,location,1,0.3435
agnostic_nonlinear,4,general_15#20,test_iid,location,0,0.9682
agnostic_nonlinear,4,general_15#24,test_iid,location,1,1.0762
agnostic_nonlinear,4,general_15#39,test_iid,location,1,0.8645
agnostic_nonlinear,4,general_15#62,test_iid,action,0,1.4073
agnostic_nonlinear,4,general_15#80,test_iid,action,0,0.8751
agnostic_nonlinear,4,general_15#89,test_iid,action,1,0.7872
agnostic_nonlinear,4,heldout_location_01#1,test_family,location,0,1.4479
agnostic_nonlinear,4,heldout_location_01#2,test_family,location,1,0.8695
agnostic_nonlinear,4,heldout_location_01#3,test_family,location,1,0.8866
agnostic_nonlinear,4,heldout_location_01#4,test_family,location,0,1.8465
agnostic_nonlinear,4,heldout_location_01#5,test_family,location,0,1.118
agnostic_nonlinear,4,heldout_location_01#6,test_family,location,0,1.6124
agnostic_nonlinear,4,heldout_location_01#7,test_family,location,0,1.3571
agnostic_nonlinear,4,heldout_location_01#8,test_family,location,0,1.5392
agnostic_nonlinear,4,heldout_location_01#9,test_family,location,1,0.9358
agnostic_nonlinear,4,heldout_location_01#10,test_family,location,0,0.7586
agnostic_nonlinear,4,heldout_location_01#11,test_family,location,0,1.7016
agnostic_nonlinear,4,heldout_location_01#12,test_family,location,0,1.6128
agnostic_nonlinear,4,heldout_location_01#13,test_family,location,0,1.4044
agnostic_nonlinear,4,heldout_location_01#14,test_family,location,0,1.3117
agnostic_nonlinear,4,heldout_location_01#15,test_family,location,0,1.4298
agnostic_nonlinear,4,heldout_location_01#16,test_family,location,0,1.0771
agnostic_nonlinear,4,heldout_location_01#17,test_family,location,0,1.0009
agnostic_nonlinear,4,heldout_location_01#18,test_family,location,1,1.5544
agnostic_nonlinear,4,heldout_location_01#19,test_family,location,0,1.3063
agnostic_nonlinear,4,heldout_location_01#20,test_family,action,1,0.9993
agnostic_nonlinear,4,heldout_location_01#21,test_family,action,0,1.1209
agnostic_nonlinear,4,heldout_location_01#22,test_family,action,0,1.3015
agnostic_nonlinear,4,heldout_location_01#23,test_family,action,0,1.1287
agnostic_nonlinear,4,heldout_location_01#24,test_family,action,0,1.1612
agnostic_nonlinear,4,heldout_location_01#25,test_family,action,1,0.9767
agnostic_nonlinear,4,heldout_location_01#26,test_family,action,0,1.2734
agnostic_nonlinear,4,heldout_location_01#27,test_family,action,0,1.4638
agnostic_nonlinear,4,heldout_location_01#28,test_family,action,0,1.0945
agnostic_nonlinear,4,heldout_location_01#29,test_family,action,0,1.0993
agnostic_nonlinear,4,heldout_location_01#30,test_family,action,1,0.7001
agnostic_nonlinear,4,heldout_location_01#31,test_family,action,0,1.0683
agnostic_nonlinear,4,heldout_location_01#32,test_family,action,1,0.9457
agnostic_nonlinear,4,heldout_location_01#33,test_family,action,0,1.3015
agnostic_nonlinear,4,heldout_location_01#34,test_family,action,0,1.1295
agnostic_nonlinear,4,heldout_location_01#35,test_family,action,1,0.9447
agnostic_nonlinear,4,heldout_location_01#36,test_family,action,0,1.0993
agnostic_nonlinear,4,heldout_location_01#37,test_family,action,0,1.3015
agnostic_nonlinear,4,personality_01#1,test_pers,location,0,1.5305
agnostic_nonlinear,4,personality_01#2,test_pers,location,1,1.1605
agnostic_nonlinear,4,personality_01#3,test_pers,location,0,1.1856
agnostic_nonlinear,4,personality_01#4,test_pers,location,0,1.6215
agnostic_nonlinear,4,personality_01#5,test_pers,location,0,1.6101
agnostic_nonlinear,4,personality_01#6,test_pers,location,0,1.4878
agnostic_nonlinear,4,personality_01#7,test_pers,location,1,1.1231
agnostic_nonlinear,4,personality_01#8,test_pers,location,0,1.0476
agnostic_nonlinear,4,personality_01#9,test_pers,location,0,1.2597
agnostic_nonlinear,4,personality_01#10,test_pers,location,0,2.0543
agnostic_nonlinear,4,personality_01#11,test_pers,location,1,0.9555
agnostic_nonlinear,4,personality_01#12,test_pers,location,0,1.5027
agnostic_nonlinear,4,personality_01#13,test_pers,location,0,1.6713
agnostic_nonlinear,4,personality_01#14,test_pers,location,0,1.1161
agnostic_nonlinear,4,personality_01#15,test_pers,location,0,1.7604
agnostic_nonlinear,4,personality_01#16,test_pers,location,0,1.7311
agnostic_nonlinear,4,personality_01#17,test_pers,location,0,1.2884
agnostic_nonlinear,4,personality_01#18,test_pers,location,1,1.1414
agnostic_nonlinear,4,personality_01#19,test_pers,location,1,0.9853
agnostic_nonlinear,4,personality_01#20,test_pers,action,1,0.6566
agnostic_nonlinear,4,personality_01#21,test_pers,action,1,0.7859
agnostic_nonlinear,4,personality_01#22,test_pers,action,0,1.3844
agnostic_nonlinear,4,personality_01#23,test_pers,action,0,1.4716
agnostic_nonlinear,4,personality_01#24,test_pers,action,0,1.3188
agnostic_nonlinear,4,personality_01#25,test_pers,action,0,3.174
agnostic_nonlinear,4,personality_01#26,test_pers,action,1,0.6024
agnostic_nonlinear,4,personality_01#27,test_pers,action,0,1.3201
agnostic_nonlinear,4,personality_01#28,test_pers,action,1,0.9986
agnostic_nonlinear,4,personality_01#29,test_pers,action,1,0.6698
agnostic_nonlinear,4,personality_01#30,test_pers,action,0,1.1433
agnostic_nonlinear,4,personality_01#31,test_pers,action,0,2.0952
agnostic_nonlinear,4,personality_01#32,test_pers,action,1,0.6973
agnostic_nonlinear,4,personality_01#33,test_pers,action,0,1.017
agnostic_nonlinear,4,personality_01#34,test_pers,action,0,1.283
agnostic_nonlinear,4,personality_01#35,test_pers,action,1,0.7542
agnostic_nonlinear,4,personality_01#36,test_pers,action,1,0.9053
agnostic_nonlinear,4,personality_01#37,test_pers,action,0,1.5733
agnostic_nonlinear,4,personality_01#38,test_pers,action,0,1.2907
